Timing Analyzer report for sequence_101
Tue Apr 07 11:21:02 2026
Quartus Prime Version 20.1.1 Build 720 11/11/2020 SJ Lite Edition


---------------------
; Table of Contents ;
---------------------
  1. Legal Notice
  2. Timing Analyzer Summary
  3. Parallel Compilation
  4. Clocks
  5. Slow 1200mV 85C Model Fmax Summary
  6. Timing Closure Recommendations
  7. Slow 1200mV 85C Model Setup Summary
  8. Slow 1200mV 85C Model Hold Summary
  9. Slow 1200mV 85C Model Recovery Summary
 10. Slow 1200mV 85C Model Removal Summary
 11. Slow 1200mV 85C Model Minimum Pulse Width Summary
 12. Slow 1200mV 85C Model Setup: 'clk_in'
 13. Slow 1200mV 85C Model Setup: 'clk_div:clk_div_inst|clk_led'
 14. Slow 1200mV 85C Model Hold: 'clk_div:clk_div_inst|clk_led'
 15. Slow 1200mV 85C Model Hold: 'clk_in'
 16. Slow 1200mV 85C Model Metastability Summary
 17. Slow 1200mV 0C Model Fmax Summary
 18. Slow 1200mV 0C Model Setup Summary
 19. Slow 1200mV 0C Model Hold Summary
 20. Slow 1200mV 0C Model Recovery Summary
 21. Slow 1200mV 0C Model Removal Summary
 22. Slow 1200mV 0C Model Minimum Pulse Width Summary
 23. Slow 1200mV 0C Model Setup: 'clk_in'
 24. Slow 1200mV 0C Model Setup: 'clk_div:clk_div_inst|clk_led'
 25. Slow 1200mV 0C Model Hold: 'clk_div:clk_div_inst|clk_led'
 26. Slow 1200mV 0C Model Hold: 'clk_in'
 27. Slow 1200mV 0C Model Metastability Summary
 28. Fast 1200mV 0C Model Setup Summary
 29. Fast 1200mV 0C Model Hold Summary
 30. Fast 1200mV 0C Model Recovery Summary
 31. Fast 1200mV 0C Model Removal Summary
 32. Fast 1200mV 0C Model Minimum Pulse Width Summary
 33. Fast 1200mV 0C Model Setup: 'clk_in'
 34. Fast 1200mV 0C Model Setup: 'clk_div:clk_div_inst|clk_led'
 35. Fast 1200mV 0C Model Hold: 'clk_div:clk_div_inst|clk_led'
 36. Fast 1200mV 0C Model Hold: 'clk_in'
 37. Fast 1200mV 0C Model Metastability Summary
 38. Multicorner Timing Analysis Summary
 39. Board Trace Model Assignments
 40. Input Transition Times
 41. Signal Integrity Metrics (Slow 1200mv 0c Model)
 42. Signal Integrity Metrics (Slow 1200mv 85c Model)
 43. Signal Integrity Metrics (Fast 1200mv 0c Model)
 44. Setup Transfers
 45. Hold Transfers
 46. Report TCCS
 47. Report RSKM
 48. Unconstrained Paths Summary
 49. Clock Status Summary
 50. Unconstrained Input Ports
 51. Unconstrained Output Ports
 52. Unconstrained Input Ports
 53. Unconstrained Output Ports
 54. Timing Analyzer Messages



----------------
; Legal Notice ;
----------------
Copyright (C) 2020  Intel Corporation. All rights reserved.
Your use of Intel Corporation's design tools, logic functions 
and other software and tools, and any partner logic 
functions, and any output files from any of the foregoing 
(including device programming or simulation files), and any 
associated documentation or information are expressly subject 
to the terms and conditions of the Intel Program License 
Subscription Agreement, the Intel Quartus Prime License Agreement,
the Intel FPGA IP License Agreement, or other applicable license
agreement, including, without limitation, that your use is for
the sole purpose of programming logic devices manufactured by
Intel and sold by Intel or its authorized distributors.  Please
refer to the applicable agreement for further details, at
https://fpgasoftware.intel.com/eula.



+-----------------------------------------------------------------------------+
; Timing Analyzer Summary                                                     ;
+-----------------------+-----------------------------------------------------+
; Quartus Prime Version ; Version 20.1.1 Build 720 11/11/2020 SJ Lite Edition ;
; Timing Analyzer       ; Legacy Timing Analyzer                              ;
; Revision Name         ; sequence_101                                        ;
; Device Family         ; Cyclone IV E                                        ;
; Device Name           ; EP4CE115F29C7                                       ;
; Timing Models         ; Final                                               ;
; Delay Model           ; Combined                                            ;
; Rise/Fall Delays      ; Enabled                                             ;
+-----------------------+-----------------------------------------------------+


+------------------------------------------+
; Parallel Compilation                     ;
+----------------------------+-------------+
; Processors                 ; Number      ;
+----------------------------+-------------+
; Number detected on machine ; 12          ;
; Maximum allowed            ; 8           ;
;                            ;             ;
; Average used               ; 1.01        ;
; Maximum used               ; 8           ;
;                            ;             ;
; Usage by Processor         ; % Time Used ;
;     Processor 1            ; 100.0%      ;
;     Processor 2            ;   0.2%      ;
;     Processors 3-8         ;   0.2%      ;
+----------------------------+-------------+


+----------------------------------------------------------------------------------------------------------------------------------------------------------------------------------------------------------------------------+
; Clocks                                                                                                                                                                                                                     ;
+------------------------------+------+--------+------------+-------+-------+------------+-----------+-------------+-------+--------+-----------+------------+----------+--------+--------+----------------------------------+
; Clock Name                   ; Type ; Period ; Frequency  ; Rise  ; Fall  ; Duty Cycle ; Divide by ; Multiply by ; Phase ; Offset ; Edge List ; Edge Shift ; Inverted ; Master ; Source ; Targets                          ;
+------------------------------+------+--------+------------+-------+-------+------------+-----------+-------------+-------+--------+-----------+------------+----------+--------+--------+----------------------------------+
; clk_div:clk_div_inst|clk_led ; Base ; 1.000  ; 1000.0 MHz ; 0.000 ; 0.500 ;            ;           ;             ;       ;        ;           ;            ;          ;        ;        ; { clk_div:clk_div_inst|clk_led } ;
; clk_in                       ; Base ; 1.000  ; 1000.0 MHz ; 0.000 ; 0.500 ;            ;           ;             ;       ;        ;           ;            ;          ;        ;        ; { clk_in }                       ;
+------------------------------+------+--------+------------+-------+-------+------------+-----------+-------------+-------+--------+-----------+------------+----------+--------+--------+----------------------------------+


+--------------------------------------------------------------------------------------------------------------+
; Slow 1200mV 85C Model Fmax Summary                                                                           ;
+------------+-----------------+------------------------------+------------------------------------------------+
; Fmax       ; Restricted Fmax ; Clock Name                   ; Note                                           ;
+------------+-----------------+------------------------------+------------------------------------------------+
; 184.2 MHz  ; 184.2 MHz       ; clk_in                       ;                                                ;
; 1092.9 MHz ; 437.64 MHz      ; clk_div:clk_div_inst|clk_led ; limit due to minimum period restriction (tmin) ;
+------------+-----------------+------------------------------+------------------------------------------------+
This panel reports FMAX for every clock in the design, regardless of the user-specified clock periods.  FMAX is only computed for paths where the source and destination registers or ports are driven by the same clock.  Paths of different clocks, including generated clocks, are ignored.  For paths between a clock and its inversion, FMAX is computed as if the rising and falling edges are scaled along with FMAX, such that the duty cycle (in terms of a percentage) is maintained. Altera recommends that you always use clock constraints and other slack reports for sign-off analysis.


----------------------------------
; Timing Closure Recommendations ;
----------------------------------
HTML report is unavailable in plain text report export.


+-------------------------------------------------------+
; Slow 1200mV 85C Model Setup Summary                   ;
+------------------------------+--------+---------------+
; Clock                        ; Slack  ; End Point TNS ;
+------------------------------+--------+---------------+
; clk_in                       ; -4.429 ; -67.727       ;
; clk_div:clk_div_inst|clk_led ; 0.085  ; 0.000         ;
+------------------------------+--------+---------------+


+------------------------------------------------------+
; Slow 1200mV 85C Model Hold Summary                   ;
+------------------------------+-------+---------------+
; Clock                        ; Slack ; End Point TNS ;
+------------------------------+-------+---------------+
; clk_div:clk_div_inst|clk_led ; 0.407 ; 0.000         ;
; clk_in                       ; 0.655 ; 0.000         ;
+------------------------------+-------+---------------+


------------------------------------------
; Slow 1200mV 85C Model Recovery Summary ;
------------------------------------------
No paths to report.


-----------------------------------------
; Slow 1200mV 85C Model Removal Summary ;
-----------------------------------------
No paths to report.


+-------------------------------------------------------+
; Slow 1200mV 85C Model Minimum Pulse Width Summary     ;
+------------------------------+--------+---------------+
; Clock                        ; Slack  ; End Point TNS ;
+------------------------------+--------+---------------+
; clk_in                       ; -3.000 ; -45.405       ;
; clk_div:clk_div_inst|clk_led ; -1.285 ; -5.140        ;
+------------------------------+--------+---------------+


+------------------------------------------------------------------------------------------------------------------------------------------------------+
; Slow 1200mV 85C Model Setup: 'clk_in'                                                                                                                ;
+--------+-----------------------------------+-----------------------------------+--------------+-------------+--------------+------------+------------+
; Slack  ; From Node                         ; To Node                           ; Launch Clock ; Latch Clock ; Relationship ; Clock Skew ; Data Delay ;
+--------+-----------------------------------+-----------------------------------+--------------+-------------+--------------+------------+------------+
; -4.429 ; clk_div:clk_div_inst|tick_cnt[31] ; clk_div:clk_div_inst|clk_led      ; clk_in       ; clk_in      ; 1.000        ; -0.078     ; 5.349      ;
; -4.396 ; clk_div:clk_div_inst|tick_cnt[29] ; clk_div:clk_div_inst|clk_led      ; clk_in       ; clk_in      ; 1.000        ; -0.078     ; 5.316      ;
; -4.389 ; clk_div:clk_div_inst|tick_cnt[30] ; clk_div:clk_div_inst|clk_led      ; clk_in       ; clk_in      ; 1.000        ; -0.078     ; 5.309      ;
; -4.378 ; clk_div:clk_div_inst|tick_cnt[27] ; clk_div:clk_div_inst|clk_led      ; clk_in       ; clk_in      ; 1.000        ; -0.080     ; 5.296      ;
; -4.346 ; clk_div:clk_div_inst|tick_cnt[8]  ; clk_div:clk_div_inst|clk_led      ; clk_in       ; clk_in      ; 1.000        ; -0.079     ; 5.265      ;
; -4.277 ; clk_div:clk_div_inst|tick_cnt[25] ; clk_div:clk_div_inst|clk_led      ; clk_in       ; clk_in      ; 1.000        ; -0.078     ; 5.197      ;
; -4.254 ; clk_div:clk_div_inst|tick_cnt[26] ; clk_div:clk_div_inst|clk_led      ; clk_in       ; clk_in      ; 1.000        ; -0.078     ; 5.174      ;
; -4.229 ; clk_div:clk_div_inst|tick_cnt[16] ; clk_div:clk_div_inst|clk_led      ; clk_in       ; clk_in      ; 1.000        ; -0.078     ; 5.149      ;
; -4.208 ; clk_div:clk_div_inst|tick_cnt[17] ; clk_div:clk_div_inst|clk_led      ; clk_in       ; clk_in      ; 1.000        ; -0.078     ; 5.128      ;
; -4.204 ; clk_div:clk_div_inst|tick_cnt[18] ; clk_div:clk_div_inst|clk_led      ; clk_in       ; clk_in      ; 1.000        ; -0.078     ; 5.124      ;
; -4.125 ; clk_div:clk_div_inst|tick_cnt[13] ; clk_div:clk_div_inst|clk_led      ; clk_in       ; clk_in      ; 1.000        ; -0.079     ; 5.044      ;
; -4.125 ; clk_div:clk_div_inst|tick_cnt[10] ; clk_div:clk_div_inst|clk_led      ; clk_in       ; clk_in      ; 1.000        ; -0.079     ; 5.044      ;
; -4.114 ; clk_div:clk_div_inst|tick_cnt[28] ; clk_div:clk_div_inst|clk_led      ; clk_in       ; clk_in      ; 1.000        ; -0.078     ; 5.034      ;
; -4.102 ; clk_div:clk_div_inst|tick_cnt[11] ; clk_div:clk_div_inst|clk_led      ; clk_in       ; clk_in      ; 1.000        ; -0.079     ; 5.021      ;
; -4.010 ; clk_div:clk_div_inst|tick_cnt[5]  ; clk_div:clk_div_inst|clk_led      ; clk_in       ; clk_in      ; 1.000        ; -0.079     ; 4.929      ;
; -3.962 ; clk_div:clk_div_inst|tick_cnt[24] ; clk_div:clk_div_inst|clk_led      ; clk_in       ; clk_in      ; 1.000        ; -0.078     ; 4.882      ;
; -3.940 ; clk_div:clk_div_inst|tick_cnt[0]  ; clk_div:clk_div_inst|clk_led      ; clk_in       ; clk_in      ; 1.000        ; -0.079     ; 4.859      ;
; -3.905 ; clk_div:clk_div_inst|tick_cnt[3]  ; clk_div:clk_div_inst|clk_led      ; clk_in       ; clk_in      ; 1.000        ; -0.079     ; 4.824      ;
; -3.899 ; clk_div:clk_div_inst|tick_cnt[19] ; clk_div:clk_div_inst|clk_led      ; clk_in       ; clk_in      ; 1.000        ; -0.078     ; 4.819      ;
; -3.877 ; clk_div:clk_div_inst|tick_cnt[4]  ; clk_div:clk_div_inst|clk_led      ; clk_in       ; clk_in      ; 1.000        ; -0.079     ; 4.796      ;
; -3.868 ; clk_div:clk_div_inst|tick_cnt[7]  ; clk_div:clk_div_inst|clk_led      ; clk_in       ; clk_in      ; 1.000        ; -0.079     ; 4.787      ;
; -3.864 ; clk_div:clk_div_inst|tick_cnt[22] ; clk_div:clk_div_inst|clk_led      ; clk_in       ; clk_in      ; 1.000        ; -0.080     ; 4.782      ;
; -3.852 ; clk_div:clk_div_inst|tick_cnt[23] ; clk_div:clk_div_inst|clk_led      ; clk_in       ; clk_in      ; 1.000        ; -0.080     ; 4.770      ;
; -3.799 ; clk_div:clk_div_inst|tick_cnt[2]  ; clk_div:clk_div_inst|clk_led      ; clk_in       ; clk_in      ; 1.000        ; -0.079     ; 4.718      ;
; -3.769 ; clk_div:clk_div_inst|tick_cnt[9]  ; clk_div:clk_div_inst|clk_led      ; clk_in       ; clk_in      ; 1.000        ; -0.079     ; 4.688      ;
; -3.748 ; clk_div:clk_div_inst|tick_cnt[21] ; clk_div:clk_div_inst|clk_led      ; clk_in       ; clk_in      ; 1.000        ; -0.080     ; 4.666      ;
; -3.660 ; clk_div:clk_div_inst|tick_cnt[1]  ; clk_div:clk_div_inst|clk_led      ; clk_in       ; clk_in      ; 1.000        ; -0.079     ; 4.579      ;
; -3.653 ; clk_div:clk_div_inst|tick_cnt[6]  ; clk_div:clk_div_inst|clk_led      ; clk_in       ; clk_in      ; 1.000        ; -0.079     ; 4.572      ;
; -3.585 ; clk_div:clk_div_inst|tick_cnt[12] ; clk_div:clk_div_inst|clk_led      ; clk_in       ; clk_in      ; 1.000        ; -0.080     ; 4.503      ;
; -3.585 ; clk_div:clk_div_inst|tick_cnt[20] ; clk_div:clk_div_inst|clk_led      ; clk_in       ; clk_in      ; 1.000        ; -0.080     ; 4.503      ;
; -3.581 ; clk_div:clk_div_inst|tick_cnt[14] ; clk_div:clk_div_inst|clk_led      ; clk_in       ; clk_in      ; 1.000        ; -0.080     ; 4.499      ;
; -3.308 ; clk_div:clk_div_inst|tick_cnt[15] ; clk_div:clk_div_inst|clk_led      ; clk_in       ; clk_in      ; 1.000        ; -0.080     ; 4.226      ;
; -3.216 ; clk_div:clk_div_inst|tick_cnt[1]  ; clk_div:clk_div_inst|tick_cnt[8]  ; clk_in       ; clk_in      ; 1.000        ; -0.080     ; 4.134      ;
; -3.178 ; clk_div:clk_div_inst|tick_cnt[31] ; clk_div:clk_div_inst|tick_cnt[7]  ; clk_in       ; clk_in      ; 1.000        ; -0.079     ; 4.097      ;
; -3.161 ; clk_div:clk_div_inst|tick_cnt[31] ; clk_div:clk_div_inst|tick_cnt[8]  ; clk_in       ; clk_in      ; 1.000        ; -0.079     ; 4.080      ;
; -3.145 ; clk_div:clk_div_inst|tick_cnt[29] ; clk_div:clk_div_inst|tick_cnt[7]  ; clk_in       ; clk_in      ; 1.000        ; -0.079     ; 4.064      ;
; -3.137 ; clk_div:clk_div_inst|tick_cnt[0]  ; clk_div:clk_div_inst|tick_cnt[7]  ; clk_in       ; clk_in      ; 1.000        ; -0.080     ; 4.055      ;
; -3.129 ; clk_div:clk_div_inst|tick_cnt[30] ; clk_div:clk_div_inst|tick_cnt[7]  ; clk_in       ; clk_in      ; 1.000        ; -0.079     ; 4.048      ;
; -3.128 ; clk_div:clk_div_inst|tick_cnt[29] ; clk_div:clk_div_inst|tick_cnt[8]  ; clk_in       ; clk_in      ; 1.000        ; -0.079     ; 4.047      ;
; -3.127 ; clk_div:clk_div_inst|tick_cnt[27] ; clk_div:clk_div_inst|tick_cnt[7]  ; clk_in       ; clk_in      ; 1.000        ; -0.081     ; 4.044      ;
; -3.126 ; clk_div:clk_div_inst|tick_cnt[0]  ; clk_div:clk_div_inst|tick_cnt[8]  ; clk_in       ; clk_in      ; 1.000        ; -0.080     ; 4.044      ;
; -3.112 ; clk_div:clk_div_inst|tick_cnt[30] ; clk_div:clk_div_inst|tick_cnt[8]  ; clk_in       ; clk_in      ; 1.000        ; -0.079     ; 4.031      ;
; -3.110 ; clk_div:clk_div_inst|tick_cnt[27] ; clk_div:clk_div_inst|tick_cnt[8]  ; clk_in       ; clk_in      ; 1.000        ; -0.081     ; 4.027      ;
; -3.083 ; clk_div:clk_div_inst|tick_cnt[3]  ; clk_div:clk_div_inst|tick_cnt[8]  ; clk_in       ; clk_in      ; 1.000        ; -0.080     ; 4.001      ;
; -3.078 ; clk_div:clk_div_inst|tick_cnt[8]  ; clk_div:clk_div_inst|tick_cnt[7]  ; clk_in       ; clk_in      ; 1.000        ; -0.080     ; 3.996      ;
; -3.076 ; clk_div:clk_div_inst|tick_cnt[1]  ; clk_div:clk_div_inst|tick_cnt[7]  ; clk_in       ; clk_in      ; 1.000        ; -0.080     ; 3.994      ;
; -3.069 ; clk_div:clk_div_inst|tick_cnt[8]  ; clk_div:clk_div_inst|tick_cnt[8]  ; clk_in       ; clk_in      ; 1.000        ; -0.080     ; 3.987      ;
; -3.021 ; clk_div:clk_div_inst|tick_cnt[25] ; clk_div:clk_div_inst|tick_cnt[7]  ; clk_in       ; clk_in      ; 1.000        ; -0.079     ; 3.940      ;
; -3.006 ; clk_div:clk_div_inst|tick_cnt[2]  ; clk_div:clk_div_inst|tick_cnt[7]  ; clk_in       ; clk_in      ; 1.000        ; -0.080     ; 3.924      ;
; -3.004 ; clk_div:clk_div_inst|tick_cnt[25] ; clk_div:clk_div_inst|tick_cnt[8]  ; clk_in       ; clk_in      ; 1.000        ; -0.079     ; 3.923      ;
; -2.995 ; clk_div:clk_div_inst|tick_cnt[2]  ; clk_div:clk_div_inst|tick_cnt[8]  ; clk_in       ; clk_in      ; 1.000        ; -0.080     ; 3.913      ;
; -2.975 ; clk_div:clk_div_inst|tick_cnt[26] ; clk_div:clk_div_inst|tick_cnt[7]  ; clk_in       ; clk_in      ; 1.000        ; -0.079     ; 3.894      ;
; -2.957 ; clk_div:clk_div_inst|tick_cnt[26] ; clk_div:clk_div_inst|tick_cnt[8]  ; clk_in       ; clk_in      ; 1.000        ; -0.079     ; 3.876      ;
; -2.951 ; clk_div:clk_div_inst|tick_cnt[5]  ; clk_div:clk_div_inst|tick_cnt[8]  ; clk_in       ; clk_in      ; 1.000        ; -0.080     ; 3.869      ;
; -2.951 ; clk_div:clk_div_inst|tick_cnt[16] ; clk_div:clk_div_inst|tick_cnt[7]  ; clk_in       ; clk_in      ; 1.000        ; -0.079     ; 3.870      ;
; -2.950 ; clk_div:clk_div_inst|tick_cnt[0]  ; clk_div:clk_div_inst|tick_cnt[27] ; clk_in       ; clk_in      ; 1.000        ; -0.079     ; 3.869      ;
; -2.943 ; clk_div:clk_div_inst|tick_cnt[3]  ; clk_div:clk_div_inst|tick_cnt[7]  ; clk_in       ; clk_in      ; 1.000        ; -0.080     ; 3.861      ;
; -2.934 ; clk_div:clk_div_inst|tick_cnt[16] ; clk_div:clk_div_inst|tick_cnt[8]  ; clk_in       ; clk_in      ; 1.000        ; -0.079     ; 3.853      ;
; -2.929 ; clk_div:clk_div_inst|tick_cnt[17] ; clk_div:clk_div_inst|tick_cnt[7]  ; clk_in       ; clk_in      ; 1.000        ; -0.079     ; 3.848      ;
; -2.927 ; clk_div:clk_div_inst|tick_cnt[18] ; clk_div:clk_div_inst|tick_cnt[7]  ; clk_in       ; clk_in      ; 1.000        ; -0.079     ; 3.846      ;
; -2.911 ; clk_div:clk_div_inst|tick_cnt[17] ; clk_div:clk_div_inst|tick_cnt[8]  ; clk_in       ; clk_in      ; 1.000        ; -0.079     ; 3.830      ;
; -2.910 ; clk_div:clk_div_inst|tick_cnt[18] ; clk_div:clk_div_inst|tick_cnt[8]  ; clk_in       ; clk_in      ; 1.000        ; -0.079     ; 3.829      ;
; -2.891 ; clk_div:clk_div_inst|tick_cnt[1]  ; clk_div:clk_div_inst|tick_cnt[27] ; clk_in       ; clk_in      ; 1.000        ; -0.079     ; 3.810      ;
; -2.875 ; clk_div:clk_div_inst|tick_cnt[4]  ; clk_div:clk_div_inst|tick_cnt[7]  ; clk_in       ; clk_in      ; 1.000        ; -0.080     ; 3.793      ;
; -2.864 ; clk_div:clk_div_inst|tick_cnt[4]  ; clk_div:clk_div_inst|tick_cnt[8]  ; clk_in       ; clk_in      ; 1.000        ; -0.080     ; 3.782      ;
; -2.857 ; clk_div:clk_div_inst|tick_cnt[13] ; clk_div:clk_div_inst|tick_cnt[7]  ; clk_in       ; clk_in      ; 1.000        ; -0.080     ; 3.775      ;
; -2.857 ; clk_div:clk_div_inst|tick_cnt[10] ; clk_div:clk_div_inst|tick_cnt[7]  ; clk_in       ; clk_in      ; 1.000        ; -0.080     ; 3.775      ;
; -2.848 ; clk_div:clk_div_inst|tick_cnt[13] ; clk_div:clk_div_inst|tick_cnt[8]  ; clk_in       ; clk_in      ; 1.000        ; -0.080     ; 3.766      ;
; -2.848 ; clk_div:clk_div_inst|tick_cnt[10] ; clk_div:clk_div_inst|tick_cnt[8]  ; clk_in       ; clk_in      ; 1.000        ; -0.080     ; 3.766      ;
; -2.835 ; clk_div:clk_div_inst|tick_cnt[28] ; clk_div:clk_div_inst|tick_cnt[7]  ; clk_in       ; clk_in      ; 1.000        ; -0.079     ; 3.754      ;
; -2.834 ; clk_div:clk_div_inst|tick_cnt[11] ; clk_div:clk_div_inst|tick_cnt[7]  ; clk_in       ; clk_in      ; 1.000        ; -0.080     ; 3.752      ;
; -2.825 ; clk_div:clk_div_inst|tick_cnt[11] ; clk_div:clk_div_inst|tick_cnt[8]  ; clk_in       ; clk_in      ; 1.000        ; -0.080     ; 3.743      ;
; -2.820 ; clk_div:clk_div_inst|tick_cnt[7]  ; clk_div:clk_div_inst|tick_cnt[8]  ; clk_in       ; clk_in      ; 1.000        ; -0.080     ; 3.738      ;
; -2.819 ; clk_div:clk_div_inst|tick_cnt[2]  ; clk_div:clk_div_inst|tick_cnt[27] ; clk_in       ; clk_in      ; 1.000        ; -0.079     ; 3.738      ;
; -2.817 ; clk_div:clk_div_inst|tick_cnt[28] ; clk_div:clk_div_inst|tick_cnt[8]  ; clk_in       ; clk_in      ; 1.000        ; -0.079     ; 3.736      ;
; -2.811 ; clk_div:clk_div_inst|tick_cnt[5]  ; clk_div:clk_div_inst|tick_cnt[7]  ; clk_in       ; clk_in      ; 1.000        ; -0.080     ; 3.729      ;
; -2.758 ; clk_div:clk_div_inst|tick_cnt[3]  ; clk_div:clk_div_inst|tick_cnt[27] ; clk_in       ; clk_in      ; 1.000        ; -0.079     ; 3.677      ;
; -2.739 ; clk_div:clk_div_inst|tick_cnt[6]  ; clk_div:clk_div_inst|tick_cnt[7]  ; clk_in       ; clk_in      ; 1.000        ; -0.080     ; 3.657      ;
; -2.737 ; clk_div:clk_div_inst|tick_cnt[6]  ; clk_div:clk_div_inst|tick_cnt[8]  ; clk_in       ; clk_in      ; 1.000        ; -0.080     ; 3.655      ;
; -2.699 ; clk_div:clk_div_inst|tick_cnt[1]  ; clk_div:clk_div_inst|tick_cnt[22] ; clk_in       ; clk_in      ; 1.000        ; -0.079     ; 3.618      ;
; -2.695 ; clk_div:clk_div_inst|tick_cnt[0]  ; clk_div:clk_div_inst|tick_cnt[31] ; clk_in       ; clk_in      ; 1.000        ; -0.081     ; 3.612      ;
; -2.694 ; clk_div:clk_div_inst|tick_cnt[0]  ; clk_div:clk_div_inst|tick_cnt[23] ; clk_in       ; clk_in      ; 1.000        ; -0.079     ; 3.613      ;
; -2.688 ; clk_div:clk_div_inst|tick_cnt[4]  ; clk_div:clk_div_inst|tick_cnt[27] ; clk_in       ; clk_in      ; 1.000        ; -0.079     ; 3.607      ;
; -2.683 ; clk_div:clk_div_inst|tick_cnt[1]  ; clk_div:clk_div_inst|tick_cnt[30] ; clk_in       ; clk_in      ; 1.000        ; -0.081     ; 3.600      ;
; -2.683 ; clk_div:clk_div_inst|tick_cnt[24] ; clk_div:clk_div_inst|tick_cnt[7]  ; clk_in       ; clk_in      ; 1.000        ; -0.079     ; 3.602      ;
; -2.665 ; clk_div:clk_div_inst|tick_cnt[24] ; clk_div:clk_div_inst|tick_cnt[8]  ; clk_in       ; clk_in      ; 1.000        ; -0.079     ; 3.584      ;
; -2.664 ; clk_div:clk_div_inst|tick_cnt[1]  ; clk_div:clk_div_inst|tick_cnt[31] ; clk_in       ; clk_in      ; 1.000        ; -0.081     ; 3.581      ;
; -2.641 ; clk_div:clk_div_inst|tick_cnt[12] ; clk_div:clk_div_inst|tick_cnt[27] ; clk_in       ; clk_in      ; 1.000        ; -0.080     ; 3.559      ;
; -2.626 ; clk_div:clk_div_inst|tick_cnt[5]  ; clk_div:clk_div_inst|tick_cnt[27] ; clk_in       ; clk_in      ; 1.000        ; -0.079     ; 3.545      ;
; -2.625 ; clk_div:clk_div_inst|tick_cnt[1]  ; clk_div:clk_div_inst|tick_cnt[23] ; clk_in       ; clk_in      ; 1.000        ; -0.079     ; 3.544      ;
; -2.620 ; clk_div:clk_div_inst|tick_cnt[19] ; clk_div:clk_div_inst|tick_cnt[7]  ; clk_in       ; clk_in      ; 1.000        ; -0.079     ; 3.539      ;
; -2.613 ; clk_div:clk_div_inst|tick_cnt[22] ; clk_div:clk_div_inst|tick_cnt[7]  ; clk_in       ; clk_in      ; 1.000        ; -0.081     ; 3.530      ;
; -2.609 ; clk_div:clk_div_inst|tick_cnt[0]  ; clk_div:clk_div_inst|tick_cnt[22] ; clk_in       ; clk_in      ; 1.000        ; -0.079     ; 3.528      ;
; -2.602 ; clk_div:clk_div_inst|tick_cnt[19] ; clk_div:clk_div_inst|tick_cnt[8]  ; clk_in       ; clk_in      ; 1.000        ; -0.079     ; 3.521      ;
; -2.601 ; clk_div:clk_div_inst|tick_cnt[23] ; clk_div:clk_div_inst|tick_cnt[7]  ; clk_in       ; clk_in      ; 1.000        ; -0.081     ; 3.518      ;
; -2.600 ; clk_div:clk_div_inst|tick_cnt[1]  ; clk_div:clk_div_inst|tick_cnt[14] ; clk_in       ; clk_in      ; 1.000        ; -0.079     ; 3.519      ;
; -2.600 ; clk_div:clk_div_inst|tick_cnt[7]  ; clk_div:clk_div_inst|tick_cnt[7]  ; clk_in       ; clk_in      ; 1.000        ; -0.080     ; 3.518      ;
; -2.596 ; clk_div:clk_div_inst|tick_cnt[22] ; clk_div:clk_div_inst|tick_cnt[8]  ; clk_in       ; clk_in      ; 1.000        ; -0.081     ; 3.513      ;
; -2.593 ; clk_div:clk_div_inst|tick_cnt[0]  ; clk_div:clk_div_inst|tick_cnt[30] ; clk_in       ; clk_in      ; 1.000        ; -0.081     ; 3.510      ;
; -2.584 ; clk_div:clk_div_inst|tick_cnt[23] ; clk_div:clk_div_inst|tick_cnt[8]  ; clk_in       ; clk_in      ; 1.000        ; -0.081     ; 3.501      ;
+--------+-----------------------------------+-----------------------------------+--------------+-------------+--------------+------------+------------+


+------------------------------------------------------------------------------------------------------------------------------------------------------------------------------------+
; Slow 1200mV 85C Model Setup: 'clk_div:clk_div_inst|clk_led'                                                                                                                        ;
+-------+----------------------------------+----------------------------------+------------------------------+------------------------------+--------------+------------+------------+
; Slack ; From Node                        ; To Node                          ; Launch Clock                 ; Latch Clock                  ; Relationship ; Clock Skew ; Data Delay ;
+-------+----------------------------------+----------------------------------+------------------------------+------------------------------+--------------+------------+------------+
; 0.085 ; sequence_101:seq_101_inst|pre.s2 ; sequence_101:seq_101_inst|pre.s1 ; clk_div:clk_div_inst|clk_led ; clk_div:clk_div_inst|clk_led ; 1.000        ; -0.081     ; 0.832      ;
; 0.086 ; sequence_101:seq_101_inst|pre.s1 ; sequence_101:seq_101_inst|pre.s0 ; clk_div:clk_div_inst|clk_led ; clk_div:clk_div_inst|clk_led ; 1.000        ; -0.081     ; 0.831      ;
; 0.093 ; sequence_101:seq_101_inst|pre.s2 ; sequence_101:seq_101_inst|pre.s3 ; clk_div:clk_div_inst|clk_led ; clk_div:clk_div_inst|clk_led ; 1.000        ; -0.081     ; 0.824      ;
; 0.094 ; sequence_101:seq_101_inst|pre.s1 ; sequence_101:seq_101_inst|pre.s2 ; clk_div:clk_div_inst|clk_led ; clk_div:clk_div_inst|clk_led ; 1.000        ; -0.081     ; 0.823      ;
; 0.152 ; sequence_101:seq_101_inst|pre.s1 ; sequence_101:seq_101_inst|pre.s1 ; clk_div:clk_div_inst|clk_led ; clk_div:clk_div_inst|clk_led ; 1.000        ; -0.081     ; 0.765      ;
+-------+----------------------------------+----------------------------------+------------------------------+------------------------------+--------------+------------+------------+


+------------------------------------------------------------------------------------------------------------------------------------------------------------------------------------+
; Slow 1200mV 85C Model Hold: 'clk_div:clk_div_inst|clk_led'                                                                                                                         ;
+-------+----------------------------------+----------------------------------+------------------------------+------------------------------+--------------+------------+------------+
; Slack ; From Node                        ; To Node                          ; Launch Clock                 ; Latch Clock                  ; Relationship ; Clock Skew ; Data Delay ;
+-------+----------------------------------+----------------------------------+------------------------------+------------------------------+--------------+------------+------------+
; 0.407 ; sequence_101:seq_101_inst|pre.s1 ; sequence_101:seq_101_inst|pre.s1 ; clk_div:clk_div_inst|clk_led ; clk_div:clk_div_inst|clk_led ; 0.000        ; 0.081      ; 0.674      ;
; 0.449 ; sequence_101:seq_101_inst|pre.s1 ; sequence_101:seq_101_inst|pre.s0 ; clk_div:clk_div_inst|clk_led ; clk_div:clk_div_inst|clk_led ; 0.000        ; 0.081      ; 0.716      ;
; 0.450 ; sequence_101:seq_101_inst|pre.s2 ; sequence_101:seq_101_inst|pre.s1 ; clk_div:clk_div_inst|clk_led ; clk_div:clk_div_inst|clk_led ; 0.000        ; 0.081      ; 0.717      ;
; 0.458 ; sequence_101:seq_101_inst|pre.s2 ; sequence_101:seq_101_inst|pre.s3 ; clk_div:clk_div_inst|clk_led ; clk_div:clk_div_inst|clk_led ; 0.000        ; 0.081      ; 0.725      ;
; 0.458 ; sequence_101:seq_101_inst|pre.s1 ; sequence_101:seq_101_inst|pre.s2 ; clk_div:clk_div_inst|clk_led ; clk_div:clk_div_inst|clk_led ; 0.000        ; 0.081      ; 0.725      ;
+-------+----------------------------------+----------------------------------+------------------------------+------------------------------+--------------+------------+------------+


+-----------------------------------------------------------------------------------------------------------------------------------------------------+
; Slow 1200mV 85C Model Hold: 'clk_in'                                                                                                                ;
+-------+-----------------------------------+-----------------------------------+--------------+-------------+--------------+------------+------------+
; Slack ; From Node                         ; To Node                           ; Launch Clock ; Latch Clock ; Relationship ; Clock Skew ; Data Delay ;
+-------+-----------------------------------+-----------------------------------+--------------+-------------+--------------+------------+------------+
; 0.655 ; clk_div:clk_div_inst|tick_cnt[19] ; clk_div:clk_div_inst|tick_cnt[19] ; clk_in       ; clk_in      ; 0.000        ; 0.080      ; 0.921      ;
; 0.655 ; clk_div:clk_div_inst|tick_cnt[13] ; clk_div:clk_div_inst|tick_cnt[13] ; clk_in       ; clk_in      ; 0.000        ; 0.080      ; 0.921      ;
; 0.655 ; clk_div:clk_div_inst|tick_cnt[11] ; clk_div:clk_div_inst|tick_cnt[11] ; clk_in       ; clk_in      ; 0.000        ; 0.080      ; 0.921      ;
; 0.655 ; clk_div:clk_div_inst|tick_cnt[5]  ; clk_div:clk_div_inst|tick_cnt[5]  ; clk_in       ; clk_in      ; 0.000        ; 0.080      ; 0.921      ;
; 0.655 ; clk_div:clk_div_inst|tick_cnt[3]  ; clk_div:clk_div_inst|tick_cnt[3]  ; clk_in       ; clk_in      ; 0.000        ; 0.080      ; 0.921      ;
; 0.656 ; clk_div:clk_div_inst|tick_cnt[29] ; clk_div:clk_div_inst|tick_cnt[29] ; clk_in       ; clk_in      ; 0.000        ; 0.080      ; 0.922      ;
; 0.656 ; clk_div:clk_div_inst|tick_cnt[1]  ; clk_div:clk_div_inst|tick_cnt[1]  ; clk_in       ; clk_in      ; 0.000        ; 0.080      ; 0.922      ;
; 0.657 ; clk_div:clk_div_inst|tick_cnt[17] ; clk_div:clk_div_inst|tick_cnt[17] ; clk_in       ; clk_in      ; 0.000        ; 0.080      ; 0.923      ;
; 0.657 ; clk_div:clk_div_inst|tick_cnt[6]  ; clk_div:clk_div_inst|tick_cnt[6]  ; clk_in       ; clk_in      ; 0.000        ; 0.080      ; 0.923      ;
; 0.658 ; clk_div:clk_div_inst|tick_cnt[9]  ; clk_div:clk_div_inst|tick_cnt[9]  ; clk_in       ; clk_in      ; 0.000        ; 0.080      ; 0.924      ;
; 0.658 ; clk_div:clk_div_inst|tick_cnt[31] ; clk_div:clk_div_inst|tick_cnt[31] ; clk_in       ; clk_in      ; 0.000        ; 0.080      ; 0.924      ;
; 0.659 ; clk_div:clk_div_inst|tick_cnt[25] ; clk_div:clk_div_inst|tick_cnt[25] ; clk_in       ; clk_in      ; 0.000        ; 0.080      ; 0.925      ;
; 0.660 ; clk_div:clk_div_inst|tick_cnt[18] ; clk_div:clk_div_inst|tick_cnt[18] ; clk_in       ; clk_in      ; 0.000        ; 0.080      ; 0.926      ;
; 0.660 ; clk_div:clk_div_inst|tick_cnt[16] ; clk_div:clk_div_inst|tick_cnt[16] ; clk_in       ; clk_in      ; 0.000        ; 0.080      ; 0.926      ;
; 0.660 ; clk_div:clk_div_inst|tick_cnt[4]  ; clk_div:clk_div_inst|tick_cnt[4]  ; clk_in       ; clk_in      ; 0.000        ; 0.080      ; 0.926      ;
; 0.660 ; clk_div:clk_div_inst|tick_cnt[2]  ; clk_div:clk_div_inst|tick_cnt[2]  ; clk_in       ; clk_in      ; 0.000        ; 0.080      ; 0.926      ;
; 0.661 ; clk_div:clk_div_inst|tick_cnt[10] ; clk_div:clk_div_inst|tick_cnt[10] ; clk_in       ; clk_in      ; 0.000        ; 0.080      ; 0.927      ;
; 0.662 ; clk_div:clk_div_inst|tick_cnt[24] ; clk_div:clk_div_inst|tick_cnt[24] ; clk_in       ; clk_in      ; 0.000        ; 0.080      ; 0.928      ;
; 0.662 ; clk_div:clk_div_inst|tick_cnt[28] ; clk_div:clk_div_inst|tick_cnt[28] ; clk_in       ; clk_in      ; 0.000        ; 0.080      ; 0.928      ;
; 0.662 ; clk_div:clk_div_inst|tick_cnt[30] ; clk_div:clk_div_inst|tick_cnt[30] ; clk_in       ; clk_in      ; 0.000        ; 0.080      ; 0.928      ;
; 0.662 ; clk_div:clk_div_inst|tick_cnt[26] ; clk_div:clk_div_inst|tick_cnt[26] ; clk_in       ; clk_in      ; 0.000        ; 0.080      ; 0.928      ;
; 0.682 ; clk_div:clk_div_inst|tick_cnt[0]  ; clk_div:clk_div_inst|tick_cnt[0]  ; clk_in       ; clk_in      ; 0.000        ; 0.080      ; 0.948      ;
; 0.973 ; clk_div:clk_div_inst|tick_cnt[5]  ; clk_div:clk_div_inst|tick_cnt[6]  ; clk_in       ; clk_in      ; 0.000        ; 0.080      ; 1.239      ;
; 0.973 ; clk_div:clk_div_inst|tick_cnt[3]  ; clk_div:clk_div_inst|tick_cnt[4]  ; clk_in       ; clk_in      ; 0.000        ; 0.080      ; 1.239      ;
; 0.973 ; clk_div:clk_div_inst|tick_cnt[1]  ; clk_div:clk_div_inst|tick_cnt[2]  ; clk_in       ; clk_in      ; 0.000        ; 0.080      ; 1.239      ;
; 0.974 ; clk_div:clk_div_inst|tick_cnt[17] ; clk_div:clk_div_inst|tick_cnt[18] ; clk_in       ; clk_in      ; 0.000        ; 0.080      ; 1.240      ;
; 0.974 ; clk_div:clk_div_inst|tick_cnt[29] ; clk_div:clk_div_inst|tick_cnt[30] ; clk_in       ; clk_in      ; 0.000        ; 0.080      ; 1.240      ;
; 0.975 ; clk_div:clk_div_inst|tick_cnt[9]  ; clk_div:clk_div_inst|tick_cnt[10] ; clk_in       ; clk_in      ; 0.000        ; 0.080      ; 1.241      ;
; 0.976 ; clk_div:clk_div_inst|tick_cnt[25] ; clk_div:clk_div_inst|tick_cnt[26] ; clk_in       ; clk_in      ; 0.000        ; 0.080      ; 1.242      ;
; 0.986 ; clk_div:clk_div_inst|tick_cnt[0]  ; clk_div:clk_div_inst|tick_cnt[1]  ; clk_in       ; clk_in      ; 0.000        ; 0.080      ; 1.252      ;
; 0.987 ; clk_div:clk_div_inst|tick_cnt[18] ; clk_div:clk_div_inst|tick_cnt[19] ; clk_in       ; clk_in      ; 0.000        ; 0.080      ; 1.253      ;
; 0.987 ; clk_div:clk_div_inst|tick_cnt[4]  ; clk_div:clk_div_inst|tick_cnt[5]  ; clk_in       ; clk_in      ; 0.000        ; 0.080      ; 1.253      ;
; 0.987 ; clk_div:clk_div_inst|tick_cnt[2]  ; clk_div:clk_div_inst|tick_cnt[3]  ; clk_in       ; clk_in      ; 0.000        ; 0.080      ; 1.253      ;
; 0.987 ; clk_div:clk_div_inst|tick_cnt[16] ; clk_div:clk_div_inst|tick_cnt[17] ; clk_in       ; clk_in      ; 0.000        ; 0.080      ; 1.253      ;
; 0.988 ; clk_div:clk_div_inst|tick_cnt[10] ; clk_div:clk_div_inst|tick_cnt[11] ; clk_in       ; clk_in      ; 0.000        ; 0.080      ; 1.254      ;
; 0.988 ; clk_div:clk_div_inst|tick_cnt[8]  ; clk_div:clk_div_inst|tick_cnt[9]  ; clk_in       ; clk_in      ; 0.000        ; 0.080      ; 1.254      ;
; 0.989 ; clk_div:clk_div_inst|tick_cnt[28] ; clk_div:clk_div_inst|tick_cnt[29] ; clk_in       ; clk_in      ; 0.000        ; 0.080      ; 1.255      ;
; 0.989 ; clk_div:clk_div_inst|tick_cnt[30] ; clk_div:clk_div_inst|tick_cnt[31] ; clk_in       ; clk_in      ; 0.000        ; 0.080      ; 1.255      ;
; 0.989 ; clk_div:clk_div_inst|tick_cnt[24] ; clk_div:clk_div_inst|tick_cnt[25] ; clk_in       ; clk_in      ; 0.000        ; 0.080      ; 1.255      ;
; 0.991 ; clk_div:clk_div_inst|tick_cnt[0]  ; clk_div:clk_div_inst|tick_cnt[2]  ; clk_in       ; clk_in      ; 0.000        ; 0.080      ; 1.257      ;
; 0.992 ; clk_div:clk_div_inst|tick_cnt[4]  ; clk_div:clk_div_inst|tick_cnt[6]  ; clk_in       ; clk_in      ; 0.000        ; 0.080      ; 1.258      ;
; 0.992 ; clk_div:clk_div_inst|tick_cnt[2]  ; clk_div:clk_div_inst|tick_cnt[4]  ; clk_in       ; clk_in      ; 0.000        ; 0.080      ; 1.258      ;
; 0.992 ; clk_div:clk_div_inst|tick_cnt[16] ; clk_div:clk_div_inst|tick_cnt[18] ; clk_in       ; clk_in      ; 0.000        ; 0.080      ; 1.258      ;
; 0.993 ; clk_div:clk_div_inst|tick_cnt[8]  ; clk_div:clk_div_inst|tick_cnt[10] ; clk_in       ; clk_in      ; 0.000        ; 0.080      ; 1.259      ;
; 0.994 ; clk_div:clk_div_inst|tick_cnt[26] ; clk_div:clk_div_inst|tick_cnt[28] ; clk_in       ; clk_in      ; 0.000        ; 0.080      ; 1.260      ;
; 0.994 ; clk_div:clk_div_inst|tick_cnt[28] ; clk_div:clk_div_inst|tick_cnt[30] ; clk_in       ; clk_in      ; 0.000        ; 0.080      ; 1.260      ;
; 0.994 ; clk_div:clk_div_inst|tick_cnt[24] ; clk_div:clk_div_inst|tick_cnt[26] ; clk_in       ; clk_in      ; 0.000        ; 0.080      ; 1.260      ;
; 1.094 ; clk_div:clk_div_inst|tick_cnt[11] ; clk_div:clk_div_inst|tick_cnt[13] ; clk_in       ; clk_in      ; 0.000        ; 0.080      ; 1.360      ;
; 1.094 ; clk_div:clk_div_inst|tick_cnt[3]  ; clk_div:clk_div_inst|tick_cnt[5]  ; clk_in       ; clk_in      ; 0.000        ; 0.080      ; 1.360      ;
; 1.094 ; clk_div:clk_div_inst|tick_cnt[1]  ; clk_div:clk_div_inst|tick_cnt[3]  ; clk_in       ; clk_in      ; 0.000        ; 0.080      ; 1.360      ;
; 1.095 ; clk_div:clk_div_inst|tick_cnt[17] ; clk_div:clk_div_inst|tick_cnt[19] ; clk_in       ; clk_in      ; 0.000        ; 0.080      ; 1.361      ;
; 1.095 ; clk_div:clk_div_inst|tick_cnt[7]  ; clk_div:clk_div_inst|tick_cnt[9]  ; clk_in       ; clk_in      ; 0.000        ; 0.080      ; 1.361      ;
; 1.095 ; clk_div:clk_div_inst|tick_cnt[29] ; clk_div:clk_div_inst|tick_cnt[31] ; clk_in       ; clk_in      ; 0.000        ; 0.080      ; 1.361      ;
; 1.096 ; clk_div:clk_div_inst|tick_cnt[9]  ; clk_div:clk_div_inst|tick_cnt[11] ; clk_in       ; clk_in      ; 0.000        ; 0.080      ; 1.362      ;
; 1.099 ; clk_div:clk_div_inst|tick_cnt[3]  ; clk_div:clk_div_inst|tick_cnt[6]  ; clk_in       ; clk_in      ; 0.000        ; 0.080      ; 1.365      ;
; 1.099 ; clk_div:clk_div_inst|tick_cnt[1]  ; clk_div:clk_div_inst|tick_cnt[4]  ; clk_in       ; clk_in      ; 0.000        ; 0.080      ; 1.365      ;
; 1.100 ; clk_div:clk_div_inst|tick_cnt[13] ; clk_div:clk_div_inst|tick_cnt[16] ; clk_in       ; clk_in      ; 0.000        ; 0.079      ; 1.365      ;
; 1.100 ; clk_div:clk_div_inst|tick_cnt[7]  ; clk_div:clk_div_inst|tick_cnt[10] ; clk_in       ; clk_in      ; 0.000        ; 0.080      ; 1.366      ;
; 1.102 ; clk_div:clk_div_inst|tick_cnt[25] ; clk_div:clk_div_inst|tick_cnt[28] ; clk_in       ; clk_in      ; 0.000        ; 0.080      ; 1.368      ;
; 1.110 ; clk_div:clk_div_inst|tick_cnt[6]  ; clk_div:clk_div_inst|tick_cnt[9]  ; clk_in       ; clk_in      ; 0.000        ; 0.080      ; 1.376      ;
; 1.112 ; clk_div:clk_div_inst|tick_cnt[0]  ; clk_div:clk_div_inst|tick_cnt[3]  ; clk_in       ; clk_in      ; 0.000        ; 0.080      ; 1.378      ;
; 1.113 ; clk_div:clk_div_inst|tick_cnt[2]  ; clk_div:clk_div_inst|tick_cnt[5]  ; clk_in       ; clk_in      ; 0.000        ; 0.080      ; 1.379      ;
; 1.113 ; clk_div:clk_div_inst|tick_cnt[16] ; clk_div:clk_div_inst|tick_cnt[19] ; clk_in       ; clk_in      ; 0.000        ; 0.080      ; 1.379      ;
; 1.114 ; clk_div:clk_div_inst|tick_cnt[10] ; clk_div:clk_div_inst|tick_cnt[13] ; clk_in       ; clk_in      ; 0.000        ; 0.080      ; 1.380      ;
; 1.114 ; clk_div:clk_div_inst|tick_cnt[8]  ; clk_div:clk_div_inst|tick_cnt[11] ; clk_in       ; clk_in      ; 0.000        ; 0.080      ; 1.380      ;
; 1.115 ; clk_div:clk_div_inst|tick_cnt[26] ; clk_div:clk_div_inst|tick_cnt[29] ; clk_in       ; clk_in      ; 0.000        ; 0.080      ; 1.381      ;
; 1.115 ; clk_div:clk_div_inst|tick_cnt[28] ; clk_div:clk_div_inst|tick_cnt[31] ; clk_in       ; clk_in      ; 0.000        ; 0.080      ; 1.381      ;
; 1.115 ; clk_div:clk_div_inst|tick_cnt[6]  ; clk_div:clk_div_inst|tick_cnt[10] ; clk_in       ; clk_in      ; 0.000        ; 0.080      ; 1.381      ;
; 1.117 ; clk_div:clk_div_inst|tick_cnt[0]  ; clk_div:clk_div_inst|tick_cnt[4]  ; clk_in       ; clk_in      ; 0.000        ; 0.080      ; 1.383      ;
; 1.118 ; clk_div:clk_div_inst|tick_cnt[2]  ; clk_div:clk_div_inst|tick_cnt[6]  ; clk_in       ; clk_in      ; 0.000        ; 0.080      ; 1.384      ;
; 1.120 ; clk_div:clk_div_inst|tick_cnt[26] ; clk_div:clk_div_inst|tick_cnt[30] ; clk_in       ; clk_in      ; 0.000        ; 0.080      ; 1.386      ;
; 1.120 ; clk_div:clk_div_inst|tick_cnt[24] ; clk_div:clk_div_inst|tick_cnt[28] ; clk_in       ; clk_in      ; 0.000        ; 0.080      ; 1.386      ;
; 1.188 ; clk_div:clk_div_inst|tick_cnt[23] ; clk_div:clk_div_inst|tick_cnt[24] ; clk_in       ; clk_in      ; 0.000        ; 0.078      ; 1.452      ;
; 1.202 ; clk_div:clk_div_inst|tick_cnt[22] ; clk_div:clk_div_inst|tick_cnt[24] ; clk_in       ; clk_in      ; 0.000        ; 0.078      ; 1.466      ;
; 1.220 ; clk_div:clk_div_inst|tick_cnt[5]  ; clk_div:clk_div_inst|tick_cnt[9]  ; clk_in       ; clk_in      ; 0.000        ; 0.080      ; 1.486      ;
; 1.220 ; clk_div:clk_div_inst|tick_cnt[1]  ; clk_div:clk_div_inst|tick_cnt[5]  ; clk_in       ; clk_in      ; 0.000        ; 0.080      ; 1.486      ;
; 1.221 ; clk_div:clk_div_inst|tick_cnt[13] ; clk_div:clk_div_inst|tick_cnt[17] ; clk_in       ; clk_in      ; 0.000        ; 0.079      ; 1.486      ;
; 1.221 ; clk_div:clk_div_inst|tick_cnt[7]  ; clk_div:clk_div_inst|tick_cnt[11] ; clk_in       ; clk_in      ; 0.000        ; 0.080      ; 1.487      ;
; 1.222 ; clk_div:clk_div_inst|tick_cnt[9]  ; clk_div:clk_div_inst|tick_cnt[13] ; clk_in       ; clk_in      ; 0.000        ; 0.080      ; 1.488      ;
; 1.223 ; clk_div:clk_div_inst|tick_cnt[25] ; clk_div:clk_div_inst|tick_cnt[29] ; clk_in       ; clk_in      ; 0.000        ; 0.080      ; 1.489      ;
; 1.225 ; clk_div:clk_div_inst|tick_cnt[5]  ; clk_div:clk_div_inst|tick_cnt[10] ; clk_in       ; clk_in      ; 0.000        ; 0.080      ; 1.491      ;
; 1.225 ; clk_div:clk_div_inst|tick_cnt[1]  ; clk_div:clk_div_inst|tick_cnt[6]  ; clk_in       ; clk_in      ; 0.000        ; 0.080      ; 1.491      ;
; 1.225 ; clk_div:clk_div_inst|tick_cnt[19] ; clk_div:clk_div_inst|tick_cnt[24] ; clk_in       ; clk_in      ; 0.000        ; 0.080      ; 1.491      ;
; 1.226 ; clk_div:clk_div_inst|tick_cnt[13] ; clk_div:clk_div_inst|tick_cnt[18] ; clk_in       ; clk_in      ; 0.000        ; 0.079      ; 1.491      ;
; 1.226 ; clk_div:clk_div_inst|tick_cnt[11] ; clk_div:clk_div_inst|tick_cnt[16] ; clk_in       ; clk_in      ; 0.000        ; 0.079      ; 1.491      ;
; 1.228 ; clk_div:clk_div_inst|tick_cnt[25] ; clk_div:clk_div_inst|tick_cnt[30] ; clk_in       ; clk_in      ; 0.000        ; 0.080      ; 1.494      ;
; 1.236 ; clk_div:clk_div_inst|tick_cnt[6]  ; clk_div:clk_div_inst|tick_cnt[11] ; clk_in       ; clk_in      ; 0.000        ; 0.080      ; 1.502      ;
; 1.238 ; clk_div:clk_div_inst|tick_cnt[0]  ; clk_div:clk_div_inst|tick_cnt[5]  ; clk_in       ; clk_in      ; 0.000        ; 0.080      ; 1.504      ;
; 1.239 ; clk_div:clk_div_inst|tick_cnt[4]  ; clk_div:clk_div_inst|tick_cnt[9]  ; clk_in       ; clk_in      ; 0.000        ; 0.080      ; 1.505      ;
; 1.240 ; clk_div:clk_div_inst|tick_cnt[8]  ; clk_div:clk_div_inst|tick_cnt[13] ; clk_in       ; clk_in      ; 0.000        ; 0.080      ; 1.506      ;
; 1.241 ; clk_div:clk_div_inst|tick_cnt[26] ; clk_div:clk_div_inst|tick_cnt[31] ; clk_in       ; clk_in      ; 0.000        ; 0.080      ; 1.507      ;
; 1.241 ; clk_div:clk_div_inst|tick_cnt[24] ; clk_div:clk_div_inst|tick_cnt[29] ; clk_in       ; clk_in      ; 0.000        ; 0.080      ; 1.507      ;
; 1.243 ; clk_div:clk_div_inst|tick_cnt[0]  ; clk_div:clk_div_inst|tick_cnt[6]  ; clk_in       ; clk_in      ; 0.000        ; 0.080      ; 1.509      ;
; 1.244 ; clk_div:clk_div_inst|tick_cnt[4]  ; clk_div:clk_div_inst|tick_cnt[10] ; clk_in       ; clk_in      ; 0.000        ; 0.080      ; 1.510      ;
; 1.244 ; clk_div:clk_div_inst|tick_cnt[18] ; clk_div:clk_div_inst|tick_cnt[24] ; clk_in       ; clk_in      ; 0.000        ; 0.080      ; 1.510      ;
; 1.246 ; clk_div:clk_div_inst|tick_cnt[10] ; clk_div:clk_div_inst|tick_cnt[16] ; clk_in       ; clk_in      ; 0.000        ; 0.079      ; 1.511      ;
; 1.246 ; clk_div:clk_div_inst|tick_cnt[24] ; clk_div:clk_div_inst|tick_cnt[30] ; clk_in       ; clk_in      ; 0.000        ; 0.080      ; 1.512      ;
; 1.285 ; clk_div:clk_div_inst|tick_cnt[20] ; clk_div:clk_div_inst|tick_cnt[24] ; clk_in       ; clk_in      ; 0.000        ; 0.078      ; 1.549      ;
; 1.296 ; clk_div:clk_div_inst|tick_cnt[23] ; clk_div:clk_div_inst|tick_cnt[25] ; clk_in       ; clk_in      ; 0.000        ; 0.078      ; 1.560      ;
; 1.310 ; clk_div:clk_div_inst|tick_cnt[21] ; clk_div:clk_div_inst|tick_cnt[24] ; clk_in       ; clk_in      ; 0.000        ; 0.078      ; 1.574      ;
+-------+-----------------------------------+-----------------------------------+--------------+-------------+--------------+------------+------------+


-----------------------------------------------
; Slow 1200mV 85C Model Metastability Summary ;
-----------------------------------------------
No synchronizer chains to report.


+---------------------------------------------------------------------------------------------------------------+
; Slow 1200mV 0C Model Fmax Summary                                                                             ;
+-------------+-----------------+------------------------------+------------------------------------------------+
; Fmax        ; Restricted Fmax ; Clock Name                   ; Note                                           ;
+-------------+-----------------+------------------------------+------------------------------------------------+
; 201.9 MHz   ; 201.9 MHz       ; clk_in                       ;                                                ;
; 1206.27 MHz ; 437.64 MHz      ; clk_div:clk_div_inst|clk_led ; limit due to minimum period restriction (tmin) ;
+-------------+-----------------+------------------------------+------------------------------------------------+
This panel reports FMAX for every clock in the design, regardless of the user-specified clock periods.  FMAX is only computed for paths where the source and destination registers or ports are driven by the same clock.  Paths of different clocks, including generated clocks, are ignored.  For paths between a clock and its inversion, FMAX is computed as if the rising and falling edges are scaled along with FMAX, such that the duty cycle (in terms of a percentage) is maintained. Altera recommends that you always use clock constraints and other slack reports for sign-off analysis.


+-------------------------------------------------------+
; Slow 1200mV 0C Model Setup Summary                    ;
+------------------------------+--------+---------------+
; Clock                        ; Slack  ; End Point TNS ;
+------------------------------+--------+---------------+
; clk_in                       ; -3.953 ; -57.400       ;
; clk_div:clk_div_inst|clk_led ; 0.171  ; 0.000         ;
+------------------------------+--------+---------------+


+------------------------------------------------------+
; Slow 1200mV 0C Model Hold Summary                    ;
+------------------------------+-------+---------------+
; Clock                        ; Slack ; End Point TNS ;
+------------------------------+-------+---------------+
; clk_div:clk_div_inst|clk_led ; 0.364 ; 0.000         ;
; clk_in                       ; 0.598 ; 0.000         ;
+------------------------------+-------+---------------+


-----------------------------------------
; Slow 1200mV 0C Model Recovery Summary ;
-----------------------------------------
No paths to report.


----------------------------------------
; Slow 1200mV 0C Model Removal Summary ;
----------------------------------------
No paths to report.


+-------------------------------------------------------+
; Slow 1200mV 0C Model Minimum Pulse Width Summary      ;
+------------------------------+--------+---------------+
; Clock                        ; Slack  ; End Point TNS ;
+------------------------------+--------+---------------+
; clk_in                       ; -3.000 ; -45.405       ;
; clk_div:clk_div_inst|clk_led ; -1.285 ; -5.140        ;
+------------------------------+--------+---------------+


+------------------------------------------------------------------------------------------------------------------------------------------------------+
; Slow 1200mV 0C Model Setup: 'clk_in'                                                                                                                 ;
+--------+-----------------------------------+-----------------------------------+--------------+-------------+--------------+------------+------------+
; Slack  ; From Node                         ; To Node                           ; Launch Clock ; Latch Clock ; Relationship ; Clock Skew ; Data Delay ;
+--------+-----------------------------------+-----------------------------------+--------------+-------------+--------------+------------+------------+
; -3.953 ; clk_div:clk_div_inst|tick_cnt[31] ; clk_div:clk_div_inst|clk_led      ; clk_in       ; clk_in      ; 1.000        ; -0.070     ; 4.882      ;
; -3.929 ; clk_div:clk_div_inst|tick_cnt[29] ; clk_div:clk_div_inst|clk_led      ; clk_in       ; clk_in      ; 1.000        ; -0.070     ; 4.858      ;
; -3.904 ; clk_div:clk_div_inst|tick_cnt[30] ; clk_div:clk_div_inst|clk_led      ; clk_in       ; clk_in      ; 1.000        ; -0.070     ; 4.833      ;
; -3.888 ; clk_div:clk_div_inst|tick_cnt[27] ; clk_div:clk_div_inst|clk_led      ; clk_in       ; clk_in      ; 1.000        ; -0.072     ; 4.815      ;
; -3.877 ; clk_div:clk_div_inst|tick_cnt[8]  ; clk_div:clk_div_inst|clk_led      ; clk_in       ; clk_in      ; 1.000        ; -0.070     ; 4.806      ;
; -3.818 ; clk_div:clk_div_inst|tick_cnt[25] ; clk_div:clk_div_inst|clk_led      ; clk_in       ; clk_in      ; 1.000        ; -0.070     ; 4.747      ;
; -3.770 ; clk_div:clk_div_inst|tick_cnt[26] ; clk_div:clk_div_inst|clk_led      ; clk_in       ; clk_in      ; 1.000        ; -0.070     ; 4.699      ;
; -3.748 ; clk_div:clk_div_inst|tick_cnt[16] ; clk_div:clk_div_inst|clk_led      ; clk_in       ; clk_in      ; 1.000        ; -0.070     ; 4.677      ;
; -3.731 ; clk_div:clk_div_inst|tick_cnt[18] ; clk_div:clk_div_inst|clk_led      ; clk_in       ; clk_in      ; 1.000        ; -0.070     ; 4.660      ;
; -3.724 ; clk_div:clk_div_inst|tick_cnt[17] ; clk_div:clk_div_inst|clk_led      ; clk_in       ; clk_in      ; 1.000        ; -0.070     ; 4.653      ;
; -3.703 ; clk_div:clk_div_inst|tick_cnt[13] ; clk_div:clk_div_inst|clk_led      ; clk_in       ; clk_in      ; 1.000        ; -0.070     ; 4.632      ;
; -3.696 ; clk_div:clk_div_inst|tick_cnt[10] ; clk_div:clk_div_inst|clk_led      ; clk_in       ; clk_in      ; 1.000        ; -0.070     ; 4.625      ;
; -3.684 ; clk_div:clk_div_inst|tick_cnt[11] ; clk_div:clk_div_inst|clk_led      ; clk_in       ; clk_in      ; 1.000        ; -0.070     ; 4.613      ;
; -3.644 ; clk_div:clk_div_inst|tick_cnt[28] ; clk_div:clk_div_inst|clk_led      ; clk_in       ; clk_in      ; 1.000        ; -0.070     ; 4.573      ;
; -3.550 ; clk_div:clk_div_inst|tick_cnt[5]  ; clk_div:clk_div_inst|clk_led      ; clk_in       ; clk_in      ; 1.000        ; -0.070     ; 4.479      ;
; -3.510 ; clk_div:clk_div_inst|tick_cnt[24] ; clk_div:clk_div_inst|clk_led      ; clk_in       ; clk_in      ; 1.000        ; -0.070     ; 4.439      ;
; -3.492 ; clk_div:clk_div_inst|tick_cnt[0]  ; clk_div:clk_div_inst|clk_led      ; clk_in       ; clk_in      ; 1.000        ; -0.070     ; 4.421      ;
; -3.461 ; clk_div:clk_div_inst|tick_cnt[3]  ; clk_div:clk_div_inst|clk_led      ; clk_in       ; clk_in      ; 1.000        ; -0.070     ; 4.390      ;
; -3.452 ; clk_div:clk_div_inst|tick_cnt[19] ; clk_div:clk_div_inst|clk_led      ; clk_in       ; clk_in      ; 1.000        ; -0.070     ; 4.381      ;
; -3.448 ; clk_div:clk_div_inst|tick_cnt[7]  ; clk_div:clk_div_inst|clk_led      ; clk_in       ; clk_in      ; 1.000        ; -0.070     ; 4.377      ;
; -3.426 ; clk_div:clk_div_inst|tick_cnt[4]  ; clk_div:clk_div_inst|clk_led      ; clk_in       ; clk_in      ; 1.000        ; -0.070     ; 4.355      ;
; -3.417 ; clk_div:clk_div_inst|tick_cnt[22] ; clk_div:clk_div_inst|clk_led      ; clk_in       ; clk_in      ; 1.000        ; -0.072     ; 4.344      ;
; -3.406 ; clk_div:clk_div_inst|tick_cnt[23] ; clk_div:clk_div_inst|clk_led      ; clk_in       ; clk_in      ; 1.000        ; -0.072     ; 4.333      ;
; -3.390 ; clk_div:clk_div_inst|tick_cnt[9]  ; clk_div:clk_div_inst|clk_led      ; clk_in       ; clk_in      ; 1.000        ; -0.070     ; 4.319      ;
; -3.370 ; clk_div:clk_div_inst|tick_cnt[2]  ; clk_div:clk_div_inst|clk_led      ; clk_in       ; clk_in      ; 1.000        ; -0.070     ; 4.299      ;
; -3.318 ; clk_div:clk_div_inst|tick_cnt[21] ; clk_div:clk_div_inst|clk_led      ; clk_in       ; clk_in      ; 1.000        ; -0.072     ; 4.245      ;
; -3.276 ; clk_div:clk_div_inst|tick_cnt[1]  ; clk_div:clk_div_inst|clk_led      ; clk_in       ; clk_in      ; 1.000        ; -0.070     ; 4.205      ;
; -3.228 ; clk_div:clk_div_inst|tick_cnt[6]  ; clk_div:clk_div_inst|clk_led      ; clk_in       ; clk_in      ; 1.000        ; -0.070     ; 4.157      ;
; -3.177 ; clk_div:clk_div_inst|tick_cnt[12] ; clk_div:clk_div_inst|clk_led      ; clk_in       ; clk_in      ; 1.000        ; -0.072     ; 4.104      ;
; -3.173 ; clk_div:clk_div_inst|tick_cnt[14] ; clk_div:clk_div_inst|clk_led      ; clk_in       ; clk_in      ; 1.000        ; -0.072     ; 4.100      ;
; -3.169 ; clk_div:clk_div_inst|tick_cnt[20] ; clk_div:clk_div_inst|clk_led      ; clk_in       ; clk_in      ; 1.000        ; -0.072     ; 4.096      ;
; -2.931 ; clk_div:clk_div_inst|tick_cnt[15] ; clk_div:clk_div_inst|clk_led      ; clk_in       ; clk_in      ; 1.000        ; -0.072     ; 3.858      ;
; -2.850 ; clk_div:clk_div_inst|tick_cnt[1]  ; clk_div:clk_div_inst|tick_cnt[8]  ; clk_in       ; clk_in      ; 1.000        ; -0.072     ; 3.777      ;
; -2.812 ; clk_div:clk_div_inst|tick_cnt[31] ; clk_div:clk_div_inst|tick_cnt[7]  ; clk_in       ; clk_in      ; 1.000        ; -0.072     ; 3.739      ;
; -2.798 ; clk_div:clk_div_inst|tick_cnt[31] ; clk_div:clk_div_inst|tick_cnt[8]  ; clk_in       ; clk_in      ; 1.000        ; -0.072     ; 3.725      ;
; -2.788 ; clk_div:clk_div_inst|tick_cnt[0]  ; clk_div:clk_div_inst|tick_cnt[7]  ; clk_in       ; clk_in      ; 1.000        ; -0.072     ; 3.715      ;
; -2.788 ; clk_div:clk_div_inst|tick_cnt[29] ; clk_div:clk_div_inst|tick_cnt[7]  ; clk_in       ; clk_in      ; 1.000        ; -0.072     ; 3.715      ;
; -2.774 ; clk_div:clk_div_inst|tick_cnt[29] ; clk_div:clk_div_inst|tick_cnt[8]  ; clk_in       ; clk_in      ; 1.000        ; -0.072     ; 3.701      ;
; -2.771 ; clk_div:clk_div_inst|tick_cnt[0]  ; clk_div:clk_div_inst|tick_cnt[8]  ; clk_in       ; clk_in      ; 1.000        ; -0.072     ; 3.698      ;
; -2.763 ; clk_div:clk_div_inst|tick_cnt[30] ; clk_div:clk_div_inst|tick_cnt[7]  ; clk_in       ; clk_in      ; 1.000        ; -0.072     ; 3.690      ;
; -2.749 ; clk_div:clk_div_inst|tick_cnt[30] ; clk_div:clk_div_inst|tick_cnt[8]  ; clk_in       ; clk_in      ; 1.000        ; -0.072     ; 3.676      ;
; -2.735 ; clk_div:clk_div_inst|tick_cnt[27] ; clk_div:clk_div_inst|tick_cnt[7]  ; clk_in       ; clk_in      ; 1.000        ; -0.074     ; 3.660      ;
; -2.731 ; clk_div:clk_div_inst|tick_cnt[3]  ; clk_div:clk_div_inst|tick_cnt[8]  ; clk_in       ; clk_in      ; 1.000        ; -0.072     ; 3.658      ;
; -2.718 ; clk_div:clk_div_inst|tick_cnt[27] ; clk_div:clk_div_inst|tick_cnt[8]  ; clk_in       ; clk_in      ; 1.000        ; -0.074     ; 3.643      ;
; -2.709 ; clk_div:clk_div_inst|tick_cnt[1]  ; clk_div:clk_div_inst|tick_cnt[7]  ; clk_in       ; clk_in      ; 1.000        ; -0.072     ; 3.636      ;
; -2.701 ; clk_div:clk_div_inst|tick_cnt[8]  ; clk_div:clk_div_inst|tick_cnt[7]  ; clk_in       ; clk_in      ; 1.000        ; -0.072     ; 3.628      ;
; -2.696 ; clk_div:clk_div_inst|tick_cnt[8]  ; clk_div:clk_div_inst|tick_cnt[8]  ; clk_in       ; clk_in      ; 1.000        ; -0.072     ; 3.623      ;
; -2.677 ; clk_div:clk_div_inst|tick_cnt[25] ; clk_div:clk_div_inst|tick_cnt[7]  ; clk_in       ; clk_in      ; 1.000        ; -0.072     ; 3.604      ;
; -2.673 ; clk_div:clk_div_inst|tick_cnt[2]  ; clk_div:clk_div_inst|tick_cnt[7]  ; clk_in       ; clk_in      ; 1.000        ; -0.072     ; 3.600      ;
; -2.663 ; clk_div:clk_div_inst|tick_cnt[25] ; clk_div:clk_div_inst|tick_cnt[8]  ; clk_in       ; clk_in      ; 1.000        ; -0.072     ; 3.590      ;
; -2.655 ; clk_div:clk_div_inst|tick_cnt[2]  ; clk_div:clk_div_inst|tick_cnt[8]  ; clk_in       ; clk_in      ; 1.000        ; -0.072     ; 3.582      ;
; -2.627 ; clk_div:clk_div_inst|tick_cnt[26] ; clk_div:clk_div_inst|tick_cnt[7]  ; clk_in       ; clk_in      ; 1.000        ; -0.072     ; 3.554      ;
; -2.616 ; clk_div:clk_div_inst|tick_cnt[5]  ; clk_div:clk_div_inst|tick_cnt[8]  ; clk_in       ; clk_in      ; 1.000        ; -0.072     ; 3.543      ;
; -2.613 ; clk_div:clk_div_inst|tick_cnt[26] ; clk_div:clk_div_inst|tick_cnt[8]  ; clk_in       ; clk_in      ; 1.000        ; -0.072     ; 3.540      ;
; -2.607 ; clk_div:clk_div_inst|tick_cnt[16] ; clk_div:clk_div_inst|tick_cnt[7]  ; clk_in       ; clk_in      ; 1.000        ; -0.072     ; 3.534      ;
; -2.593 ; clk_div:clk_div_inst|tick_cnt[16] ; clk_div:clk_div_inst|tick_cnt[8]  ; clk_in       ; clk_in      ; 1.000        ; -0.072     ; 3.520      ;
; -2.590 ; clk_div:clk_div_inst|tick_cnt[3]  ; clk_div:clk_div_inst|tick_cnt[7]  ; clk_in       ; clk_in      ; 1.000        ; -0.072     ; 3.517      ;
; -2.590 ; clk_div:clk_div_inst|tick_cnt[18] ; clk_div:clk_div_inst|tick_cnt[7]  ; clk_in       ; clk_in      ; 1.000        ; -0.072     ; 3.517      ;
; -2.576 ; clk_div:clk_div_inst|tick_cnt[18] ; clk_div:clk_div_inst|tick_cnt[8]  ; clk_in       ; clk_in      ; 1.000        ; -0.072     ; 3.503      ;
; -2.571 ; clk_div:clk_div_inst|tick_cnt[17] ; clk_div:clk_div_inst|tick_cnt[7]  ; clk_in       ; clk_in      ; 1.000        ; -0.072     ; 3.498      ;
; -2.558 ; clk_div:clk_div_inst|tick_cnt[4]  ; clk_div:clk_div_inst|tick_cnt[7]  ; clk_in       ; clk_in      ; 1.000        ; -0.072     ; 3.485      ;
; -2.553 ; clk_div:clk_div_inst|tick_cnt[17] ; clk_div:clk_div_inst|tick_cnt[8]  ; clk_in       ; clk_in      ; 1.000        ; -0.072     ; 3.480      ;
; -2.548 ; clk_div:clk_div_inst|tick_cnt[13] ; clk_div:clk_div_inst|tick_cnt[7]  ; clk_in       ; clk_in      ; 1.000        ; -0.072     ; 3.475      ;
; -2.544 ; clk_div:clk_div_inst|tick_cnt[0]  ; clk_div:clk_div_inst|tick_cnt[27] ; clk_in       ; clk_in      ; 1.000        ; -0.070     ; 3.473      ;
; -2.543 ; clk_div:clk_div_inst|tick_cnt[13] ; clk_div:clk_div_inst|tick_cnt[8]  ; clk_in       ; clk_in      ; 1.000        ; -0.072     ; 3.470      ;
; -2.541 ; clk_div:clk_div_inst|tick_cnt[10] ; clk_div:clk_div_inst|tick_cnt[7]  ; clk_in       ; clk_in      ; 1.000        ; -0.072     ; 3.468      ;
; -2.540 ; clk_div:clk_div_inst|tick_cnt[4]  ; clk_div:clk_div_inst|tick_cnt[8]  ; clk_in       ; clk_in      ; 1.000        ; -0.072     ; 3.467      ;
; -2.536 ; clk_div:clk_div_inst|tick_cnt[10] ; clk_div:clk_div_inst|tick_cnt[8]  ; clk_in       ; clk_in      ; 1.000        ; -0.072     ; 3.463      ;
; -2.510 ; clk_div:clk_div_inst|tick_cnt[11] ; clk_div:clk_div_inst|tick_cnt[7]  ; clk_in       ; clk_in      ; 1.000        ; -0.072     ; 3.437      ;
; -2.505 ; clk_div:clk_div_inst|tick_cnt[11] ; clk_div:clk_div_inst|tick_cnt[8]  ; clk_in       ; clk_in      ; 1.000        ; -0.072     ; 3.432      ;
; -2.501 ; clk_div:clk_div_inst|tick_cnt[7]  ; clk_div:clk_div_inst|tick_cnt[8]  ; clk_in       ; clk_in      ; 1.000        ; -0.072     ; 3.428      ;
; -2.491 ; clk_div:clk_div_inst|tick_cnt[28] ; clk_div:clk_div_inst|tick_cnt[7]  ; clk_in       ; clk_in      ; 1.000        ; -0.072     ; 3.418      ;
; -2.475 ; clk_div:clk_div_inst|tick_cnt[5]  ; clk_div:clk_div_inst|tick_cnt[7]  ; clk_in       ; clk_in      ; 1.000        ; -0.072     ; 3.402      ;
; -2.474 ; clk_div:clk_div_inst|tick_cnt[28] ; clk_div:clk_div_inst|tick_cnt[8]  ; clk_in       ; clk_in      ; 1.000        ; -0.072     ; 3.401      ;
; -2.465 ; clk_div:clk_div_inst|tick_cnt[1]  ; clk_div:clk_div_inst|tick_cnt[27] ; clk_in       ; clk_in      ; 1.000        ; -0.070     ; 3.394      ;
; -2.438 ; clk_div:clk_div_inst|tick_cnt[6]  ; clk_div:clk_div_inst|tick_cnt[7]  ; clk_in       ; clk_in      ; 1.000        ; -0.072     ; 3.365      ;
; -2.430 ; clk_div:clk_div_inst|tick_cnt[6]  ; clk_div:clk_div_inst|tick_cnt[8]  ; clk_in       ; clk_in      ; 1.000        ; -0.072     ; 3.357      ;
; -2.429 ; clk_div:clk_div_inst|tick_cnt[2]  ; clk_div:clk_div_inst|tick_cnt[27] ; clk_in       ; clk_in      ; 1.000        ; -0.070     ; 3.358      ;
; -2.357 ; clk_div:clk_div_inst|tick_cnt[24] ; clk_div:clk_div_inst|tick_cnt[7]  ; clk_in       ; clk_in      ; 1.000        ; -0.072     ; 3.284      ;
; -2.346 ; clk_div:clk_div_inst|tick_cnt[3]  ; clk_div:clk_div_inst|tick_cnt[27] ; clk_in       ; clk_in      ; 1.000        ; -0.070     ; 3.275      ;
; -2.341 ; clk_div:clk_div_inst|tick_cnt[24] ; clk_div:clk_div_inst|tick_cnt[8]  ; clk_in       ; clk_in      ; 1.000        ; -0.072     ; 3.268      ;
; -2.321 ; clk_div:clk_div_inst|tick_cnt[0]  ; clk_div:clk_div_inst|tick_cnt[23] ; clk_in       ; clk_in      ; 1.000        ; -0.070     ; 3.250      ;
; -2.317 ; clk_div:clk_div_inst|tick_cnt[1]  ; clk_div:clk_div_inst|tick_cnt[22] ; clk_in       ; clk_in      ; 1.000        ; -0.070     ; 3.246      ;
; -2.314 ; clk_div:clk_div_inst|tick_cnt[4]  ; clk_div:clk_div_inst|tick_cnt[27] ; clk_in       ; clk_in      ; 1.000        ; -0.070     ; 3.243      ;
; -2.308 ; clk_div:clk_div_inst|tick_cnt[12] ; clk_div:clk_div_inst|tick_cnt[27] ; clk_in       ; clk_in      ; 1.000        ; -0.072     ; 3.235      ;
; -2.299 ; clk_div:clk_div_inst|tick_cnt[19] ; clk_div:clk_div_inst|tick_cnt[7]  ; clk_in       ; clk_in      ; 1.000        ; -0.072     ; 3.226      ;
; -2.293 ; clk_div:clk_div_inst|tick_cnt[7]  ; clk_div:clk_div_inst|tick_cnt[7]  ; clk_in       ; clk_in      ; 1.000        ; -0.072     ; 3.220      ;
; -2.288 ; clk_div:clk_div_inst|tick_cnt[0]  ; clk_div:clk_div_inst|tick_cnt[31] ; clk_in       ; clk_in      ; 1.000        ; -0.072     ; 3.215      ;
; -2.281 ; clk_div:clk_div_inst|tick_cnt[19] ; clk_div:clk_div_inst|tick_cnt[8]  ; clk_in       ; clk_in      ; 1.000        ; -0.072     ; 3.208      ;
; -2.276 ; clk_div:clk_div_inst|tick_cnt[22] ; clk_div:clk_div_inst|tick_cnt[7]  ; clk_in       ; clk_in      ; 1.000        ; -0.074     ; 3.201      ;
; -2.269 ; clk_div:clk_div_inst|tick_cnt[1]  ; clk_div:clk_div_inst|tick_cnt[30] ; clk_in       ; clk_in      ; 1.000        ; -0.072     ; 3.196      ;
; -2.265 ; clk_div:clk_div_inst|tick_cnt[23] ; clk_div:clk_div_inst|tick_cnt[7]  ; clk_in       ; clk_in      ; 1.000        ; -0.074     ; 3.190      ;
; -2.262 ; clk_div:clk_div_inst|tick_cnt[22] ; clk_div:clk_div_inst|tick_cnt[8]  ; clk_in       ; clk_in      ; 1.000        ; -0.074     ; 3.187      ;
; -2.251 ; clk_div:clk_div_inst|tick_cnt[23] ; clk_div:clk_div_inst|tick_cnt[8]  ; clk_in       ; clk_in      ; 1.000        ; -0.074     ; 3.176      ;
; -2.247 ; clk_div:clk_div_inst|tick_cnt[1]  ; clk_div:clk_div_inst|tick_cnt[14] ; clk_in       ; clk_in      ; 1.000        ; -0.070     ; 3.176      ;
; -2.242 ; clk_div:clk_div_inst|tick_cnt[1]  ; clk_div:clk_div_inst|tick_cnt[23] ; clk_in       ; clk_in      ; 1.000        ; -0.070     ; 3.171      ;
; -2.240 ; clk_div:clk_div_inst|tick_cnt[1]  ; clk_div:clk_div_inst|tick_cnt[31] ; clk_in       ; clk_in      ; 1.000        ; -0.072     ; 3.167      ;
; -2.238 ; clk_div:clk_div_inst|tick_cnt[0]  ; clk_div:clk_div_inst|tick_cnt[22] ; clk_in       ; clk_in      ; 1.000        ; -0.070     ; 3.167      ;
; -2.231 ; clk_div:clk_div_inst|tick_cnt[5]  ; clk_div:clk_div_inst|tick_cnt[27] ; clk_in       ; clk_in      ; 1.000        ; -0.070     ; 3.160      ;
; -2.220 ; clk_div:clk_div_inst|tick_cnt[0]  ; clk_div:clk_div_inst|tick_cnt[21] ; clk_in       ; clk_in      ; 1.000        ; -0.070     ; 3.149      ;
+--------+-----------------------------------+-----------------------------------+--------------+-------------+--------------+------------+------------+


+------------------------------------------------------------------------------------------------------------------------------------------------------------------------------------+
; Slow 1200mV 0C Model Setup: 'clk_div:clk_div_inst|clk_led'                                                                                                                         ;
+-------+----------------------------------+----------------------------------+------------------------------+------------------------------+--------------+------------+------------+
; Slack ; From Node                        ; To Node                          ; Launch Clock                 ; Latch Clock                  ; Relationship ; Clock Skew ; Data Delay ;
+-------+----------------------------------+----------------------------------+------------------------------+------------------------------+--------------+------------+------------+
; 0.171 ; sequence_101:seq_101_inst|pre.s2 ; sequence_101:seq_101_inst|pre.s1 ; clk_div:clk_div_inst|clk_led ; clk_div:clk_div_inst|clk_led ; 1.000        ; -0.073     ; 0.755      ;
; 0.172 ; sequence_101:seq_101_inst|pre.s1 ; sequence_101:seq_101_inst|pre.s0 ; clk_div:clk_div_inst|clk_led ; clk_div:clk_div_inst|clk_led ; 1.000        ; -0.073     ; 0.754      ;
; 0.185 ; sequence_101:seq_101_inst|pre.s2 ; sequence_101:seq_101_inst|pre.s3 ; clk_div:clk_div_inst|clk_led ; clk_div:clk_div_inst|clk_led ; 1.000        ; -0.073     ; 0.741      ;
; 0.185 ; sequence_101:seq_101_inst|pre.s1 ; sequence_101:seq_101_inst|pre.s2 ; clk_div:clk_div_inst|clk_led ; clk_div:clk_div_inst|clk_led ; 1.000        ; -0.073     ; 0.741      ;
; 0.243 ; sequence_101:seq_101_inst|pre.s1 ; sequence_101:seq_101_inst|pre.s1 ; clk_div:clk_div_inst|clk_led ; clk_div:clk_div_inst|clk_led ; 1.000        ; -0.073     ; 0.683      ;
+-------+----------------------------------+----------------------------------+------------------------------+------------------------------+--------------+------------+------------+


+------------------------------------------------------------------------------------------------------------------------------------------------------------------------------------+
; Slow 1200mV 0C Model Hold: 'clk_div:clk_div_inst|clk_led'                                                                                                                          ;
+-------+----------------------------------+----------------------------------+------------------------------+------------------------------+--------------+------------+------------+
; Slack ; From Node                        ; To Node                          ; Launch Clock                 ; Latch Clock                  ; Relationship ; Clock Skew ; Data Delay ;
+-------+----------------------------------+----------------------------------+------------------------------+------------------------------+--------------+------------+------------+
; 0.364 ; sequence_101:seq_101_inst|pre.s1 ; sequence_101:seq_101_inst|pre.s1 ; clk_div:clk_div_inst|clk_led ; clk_div:clk_div_inst|clk_led ; 0.000        ; 0.073      ; 0.608      ;
; 0.406 ; sequence_101:seq_101_inst|pre.s1 ; sequence_101:seq_101_inst|pre.s0 ; clk_div:clk_div_inst|clk_led ; clk_div:clk_div_inst|clk_led ; 0.000        ; 0.073      ; 0.650      ;
; 0.406 ; sequence_101:seq_101_inst|pre.s2 ; sequence_101:seq_101_inst|pre.s1 ; clk_div:clk_div_inst|clk_led ; clk_div:clk_div_inst|clk_led ; 0.000        ; 0.073      ; 0.650      ;
; 0.422 ; sequence_101:seq_101_inst|pre.s2 ; sequence_101:seq_101_inst|pre.s3 ; clk_div:clk_div_inst|clk_led ; clk_div:clk_div_inst|clk_led ; 0.000        ; 0.073      ; 0.666      ;
; 0.422 ; sequence_101:seq_101_inst|pre.s1 ; sequence_101:seq_101_inst|pre.s2 ; clk_div:clk_div_inst|clk_led ; clk_div:clk_div_inst|clk_led ; 0.000        ; 0.073      ; 0.666      ;
+-------+----------------------------------+----------------------------------+------------------------------+------------------------------+--------------+------------+------------+


+-----------------------------------------------------------------------------------------------------------------------------------------------------+
; Slow 1200mV 0C Model Hold: 'clk_in'                                                                                                                 ;
+-------+-----------------------------------+-----------------------------------+--------------+-------------+--------------+------------+------------+
; Slack ; From Node                         ; To Node                           ; Launch Clock ; Latch Clock ; Relationship ; Clock Skew ; Data Delay ;
+-------+-----------------------------------+-----------------------------------+--------------+-------------+--------------+------------+------------+
; 0.598 ; clk_div:clk_div_inst|tick_cnt[13] ; clk_div:clk_div_inst|tick_cnt[13] ; clk_in       ; clk_in      ; 0.000        ; 0.072      ; 0.841      ;
; 0.598 ; clk_div:clk_div_inst|tick_cnt[5]  ; clk_div:clk_div_inst|tick_cnt[5]  ; clk_in       ; clk_in      ; 0.000        ; 0.072      ; 0.841      ;
; 0.598 ; clk_div:clk_div_inst|tick_cnt[3]  ; clk_div:clk_div_inst|tick_cnt[3]  ; clk_in       ; clk_in      ; 0.000        ; 0.072      ; 0.841      ;
; 0.599 ; clk_div:clk_div_inst|tick_cnt[19] ; clk_div:clk_div_inst|tick_cnt[19] ; clk_in       ; clk_in      ; 0.000        ; 0.072      ; 0.842      ;
; 0.599 ; clk_div:clk_div_inst|tick_cnt[29] ; clk_div:clk_div_inst|tick_cnt[29] ; clk_in       ; clk_in      ; 0.000        ; 0.072      ; 0.842      ;
; 0.599 ; clk_div:clk_div_inst|tick_cnt[11] ; clk_div:clk_div_inst|tick_cnt[11] ; clk_in       ; clk_in      ; 0.000        ; 0.072      ; 0.842      ;
; 0.600 ; clk_div:clk_div_inst|tick_cnt[31] ; clk_div:clk_div_inst|tick_cnt[31] ; clk_in       ; clk_in      ; 0.000        ; 0.072      ; 0.843      ;
; 0.600 ; clk_div:clk_div_inst|tick_cnt[6]  ; clk_div:clk_div_inst|tick_cnt[6]  ; clk_in       ; clk_in      ; 0.000        ; 0.072      ; 0.843      ;
; 0.601 ; clk_div:clk_div_inst|tick_cnt[17] ; clk_div:clk_div_inst|tick_cnt[17] ; clk_in       ; clk_in      ; 0.000        ; 0.072      ; 0.844      ;
; 0.601 ; clk_div:clk_div_inst|tick_cnt[1]  ; clk_div:clk_div_inst|tick_cnt[1]  ; clk_in       ; clk_in      ; 0.000        ; 0.072      ; 0.844      ;
; 0.602 ; clk_div:clk_div_inst|tick_cnt[9]  ; clk_div:clk_div_inst|tick_cnt[9]  ; clk_in       ; clk_in      ; 0.000        ; 0.072      ; 0.845      ;
; 0.603 ; clk_div:clk_div_inst|tick_cnt[25] ; clk_div:clk_div_inst|tick_cnt[25] ; clk_in       ; clk_in      ; 0.000        ; 0.072      ; 0.846      ;
; 0.603 ; clk_div:clk_div_inst|tick_cnt[16] ; clk_div:clk_div_inst|tick_cnt[16] ; clk_in       ; clk_in      ; 0.000        ; 0.072      ; 0.846      ;
; 0.603 ; clk_div:clk_div_inst|tick_cnt[2]  ; clk_div:clk_div_inst|tick_cnt[2]  ; clk_in       ; clk_in      ; 0.000        ; 0.072      ; 0.846      ;
; 0.604 ; clk_div:clk_div_inst|tick_cnt[30] ; clk_div:clk_div_inst|tick_cnt[30] ; clk_in       ; clk_in      ; 0.000        ; 0.072      ; 0.847      ;
; 0.604 ; clk_div:clk_div_inst|tick_cnt[18] ; clk_div:clk_div_inst|tick_cnt[18] ; clk_in       ; clk_in      ; 0.000        ; 0.072      ; 0.847      ;
; 0.604 ; clk_div:clk_div_inst|tick_cnt[10] ; clk_div:clk_div_inst|tick_cnt[10] ; clk_in       ; clk_in      ; 0.000        ; 0.072      ; 0.847      ;
; 0.604 ; clk_div:clk_div_inst|tick_cnt[4]  ; clk_div:clk_div_inst|tick_cnt[4]  ; clk_in       ; clk_in      ; 0.000        ; 0.072      ; 0.847      ;
; 0.605 ; clk_div:clk_div_inst|tick_cnt[24] ; clk_div:clk_div_inst|tick_cnt[24] ; clk_in       ; clk_in      ; 0.000        ; 0.072      ; 0.848      ;
; 0.605 ; clk_div:clk_div_inst|tick_cnt[28] ; clk_div:clk_div_inst|tick_cnt[28] ; clk_in       ; clk_in      ; 0.000        ; 0.072      ; 0.848      ;
; 0.605 ; clk_div:clk_div_inst|tick_cnt[26] ; clk_div:clk_div_inst|tick_cnt[26] ; clk_in       ; clk_in      ; 0.000        ; 0.072      ; 0.848      ;
; 0.623 ; clk_div:clk_div_inst|tick_cnt[0]  ; clk_div:clk_div_inst|tick_cnt[0]  ; clk_in       ; clk_in      ; 0.000        ; 0.072      ; 0.866      ;
; 0.884 ; clk_div:clk_div_inst|tick_cnt[5]  ; clk_div:clk_div_inst|tick_cnt[6]  ; clk_in       ; clk_in      ; 0.000        ; 0.072      ; 1.127      ;
; 0.884 ; clk_div:clk_div_inst|tick_cnt[3]  ; clk_div:clk_div_inst|tick_cnt[4]  ; clk_in       ; clk_in      ; 0.000        ; 0.072      ; 1.127      ;
; 0.885 ; clk_div:clk_div_inst|tick_cnt[29] ; clk_div:clk_div_inst|tick_cnt[30] ; clk_in       ; clk_in      ; 0.000        ; 0.072      ; 1.128      ;
; 0.888 ; clk_div:clk_div_inst|tick_cnt[1]  ; clk_div:clk_div_inst|tick_cnt[2]  ; clk_in       ; clk_in      ; 0.000        ; 0.072      ; 1.131      ;
; 0.888 ; clk_div:clk_div_inst|tick_cnt[17] ; clk_div:clk_div_inst|tick_cnt[18] ; clk_in       ; clk_in      ; 0.000        ; 0.072      ; 1.131      ;
; 0.889 ; clk_div:clk_div_inst|tick_cnt[9]  ; clk_div:clk_div_inst|tick_cnt[10] ; clk_in       ; clk_in      ; 0.000        ; 0.072      ; 1.132      ;
; 0.890 ; clk_div:clk_div_inst|tick_cnt[25] ; clk_div:clk_div_inst|tick_cnt[26] ; clk_in       ; clk_in      ; 0.000        ; 0.072      ; 1.133      ;
; 0.890 ; clk_div:clk_div_inst|tick_cnt[0]  ; clk_div:clk_div_inst|tick_cnt[1]  ; clk_in       ; clk_in      ; 0.000        ; 0.072      ; 1.133      ;
; 0.891 ; clk_div:clk_div_inst|tick_cnt[2]  ; clk_div:clk_div_inst|tick_cnt[3]  ; clk_in       ; clk_in      ; 0.000        ; 0.072      ; 1.134      ;
; 0.891 ; clk_div:clk_div_inst|tick_cnt[16] ; clk_div:clk_div_inst|tick_cnt[17] ; clk_in       ; clk_in      ; 0.000        ; 0.072      ; 1.134      ;
; 0.892 ; clk_div:clk_div_inst|tick_cnt[4]  ; clk_div:clk_div_inst|tick_cnt[5]  ; clk_in       ; clk_in      ; 0.000        ; 0.072      ; 1.135      ;
; 0.892 ; clk_div:clk_div_inst|tick_cnt[18] ; clk_div:clk_div_inst|tick_cnt[19] ; clk_in       ; clk_in      ; 0.000        ; 0.072      ; 1.135      ;
; 0.892 ; clk_div:clk_div_inst|tick_cnt[10] ; clk_div:clk_div_inst|tick_cnt[11] ; clk_in       ; clk_in      ; 0.000        ; 0.072      ; 1.135      ;
; 0.892 ; clk_div:clk_div_inst|tick_cnt[30] ; clk_div:clk_div_inst|tick_cnt[31] ; clk_in       ; clk_in      ; 0.000        ; 0.072      ; 1.135      ;
; 0.892 ; clk_div:clk_div_inst|tick_cnt[8]  ; clk_div:clk_div_inst|tick_cnt[9]  ; clk_in       ; clk_in      ; 0.000        ; 0.072      ; 1.135      ;
; 0.893 ; clk_div:clk_div_inst|tick_cnt[28] ; clk_div:clk_div_inst|tick_cnt[29] ; clk_in       ; clk_in      ; 0.000        ; 0.072      ; 1.136      ;
; 0.893 ; clk_div:clk_div_inst|tick_cnt[24] ; clk_div:clk_div_inst|tick_cnt[25] ; clk_in       ; clk_in      ; 0.000        ; 0.072      ; 1.136      ;
; 0.901 ; clk_div:clk_div_inst|tick_cnt[0]  ; clk_div:clk_div_inst|tick_cnt[2]  ; clk_in       ; clk_in      ; 0.000        ; 0.072      ; 1.144      ;
; 0.902 ; clk_div:clk_div_inst|tick_cnt[2]  ; clk_div:clk_div_inst|tick_cnt[4]  ; clk_in       ; clk_in      ; 0.000        ; 0.072      ; 1.145      ;
; 0.902 ; clk_div:clk_div_inst|tick_cnt[16] ; clk_div:clk_div_inst|tick_cnt[18] ; clk_in       ; clk_in      ; 0.000        ; 0.072      ; 1.145      ;
; 0.903 ; clk_div:clk_div_inst|tick_cnt[4]  ; clk_div:clk_div_inst|tick_cnt[6]  ; clk_in       ; clk_in      ; 0.000        ; 0.072      ; 1.146      ;
; 0.903 ; clk_div:clk_div_inst|tick_cnt[8]  ; clk_div:clk_div_inst|tick_cnt[10] ; clk_in       ; clk_in      ; 0.000        ; 0.072      ; 1.146      ;
; 0.904 ; clk_div:clk_div_inst|tick_cnt[26] ; clk_div:clk_div_inst|tick_cnt[28] ; clk_in       ; clk_in      ; 0.000        ; 0.072      ; 1.147      ;
; 0.904 ; clk_div:clk_div_inst|tick_cnt[28] ; clk_div:clk_div_inst|tick_cnt[30] ; clk_in       ; clk_in      ; 0.000        ; 0.072      ; 1.147      ;
; 0.904 ; clk_div:clk_div_inst|tick_cnt[24] ; clk_div:clk_div_inst|tick_cnt[26] ; clk_in       ; clk_in      ; 0.000        ; 0.072      ; 1.147      ;
; 0.983 ; clk_div:clk_div_inst|tick_cnt[3]  ; clk_div:clk_div_inst|tick_cnt[5]  ; clk_in       ; clk_in      ; 0.000        ; 0.072      ; 1.226      ;
; 0.984 ; clk_div:clk_div_inst|tick_cnt[11] ; clk_div:clk_div_inst|tick_cnt[13] ; clk_in       ; clk_in      ; 0.000        ; 0.072      ; 1.227      ;
; 0.984 ; clk_div:clk_div_inst|tick_cnt[29] ; clk_div:clk_div_inst|tick_cnt[31] ; clk_in       ; clk_in      ; 0.000        ; 0.072      ; 1.227      ;
; 0.984 ; clk_div:clk_div_inst|tick_cnt[7]  ; clk_div:clk_div_inst|tick_cnt[9]  ; clk_in       ; clk_in      ; 0.000        ; 0.072      ; 1.227      ;
; 0.987 ; clk_div:clk_div_inst|tick_cnt[1]  ; clk_div:clk_div_inst|tick_cnt[3]  ; clk_in       ; clk_in      ; 0.000        ; 0.072      ; 1.230      ;
; 0.987 ; clk_div:clk_div_inst|tick_cnt[17] ; clk_div:clk_div_inst|tick_cnt[19] ; clk_in       ; clk_in      ; 0.000        ; 0.072      ; 1.230      ;
; 0.988 ; clk_div:clk_div_inst|tick_cnt[9]  ; clk_div:clk_div_inst|tick_cnt[11] ; clk_in       ; clk_in      ; 0.000        ; 0.072      ; 1.231      ;
; 0.994 ; clk_div:clk_div_inst|tick_cnt[13] ; clk_div:clk_div_inst|tick_cnt[16] ; clk_in       ; clk_in      ; 0.000        ; 0.072      ; 1.237      ;
; 0.994 ; clk_div:clk_div_inst|tick_cnt[3]  ; clk_div:clk_div_inst|tick_cnt[6]  ; clk_in       ; clk_in      ; 0.000        ; 0.072      ; 1.237      ;
; 0.995 ; clk_div:clk_div_inst|tick_cnt[7]  ; clk_div:clk_div_inst|tick_cnt[10] ; clk_in       ; clk_in      ; 0.000        ; 0.072      ; 1.238      ;
; 0.998 ; clk_div:clk_div_inst|tick_cnt[1]  ; clk_div:clk_div_inst|tick_cnt[4]  ; clk_in       ; clk_in      ; 0.000        ; 0.072      ; 1.241      ;
; 0.998 ; clk_div:clk_div_inst|tick_cnt[6]  ; clk_div:clk_div_inst|tick_cnt[9]  ; clk_in       ; clk_in      ; 0.000        ; 0.072      ; 1.241      ;
; 1.000 ; clk_div:clk_div_inst|tick_cnt[25] ; clk_div:clk_div_inst|tick_cnt[28] ; clk_in       ; clk_in      ; 0.000        ; 0.072      ; 1.243      ;
; 1.000 ; clk_div:clk_div_inst|tick_cnt[0]  ; clk_div:clk_div_inst|tick_cnt[3]  ; clk_in       ; clk_in      ; 0.000        ; 0.072      ; 1.243      ;
; 1.001 ; clk_div:clk_div_inst|tick_cnt[2]  ; clk_div:clk_div_inst|tick_cnt[5]  ; clk_in       ; clk_in      ; 0.000        ; 0.072      ; 1.244      ;
; 1.001 ; clk_div:clk_div_inst|tick_cnt[16] ; clk_div:clk_div_inst|tick_cnt[19] ; clk_in       ; clk_in      ; 0.000        ; 0.072      ; 1.244      ;
; 1.002 ; clk_div:clk_div_inst|tick_cnt[10] ; clk_div:clk_div_inst|tick_cnt[13] ; clk_in       ; clk_in      ; 0.000        ; 0.072      ; 1.245      ;
; 1.002 ; clk_div:clk_div_inst|tick_cnt[8]  ; clk_div:clk_div_inst|tick_cnt[11] ; clk_in       ; clk_in      ; 0.000        ; 0.072      ; 1.245      ;
; 1.003 ; clk_div:clk_div_inst|tick_cnt[26] ; clk_div:clk_div_inst|tick_cnt[29] ; clk_in       ; clk_in      ; 0.000        ; 0.072      ; 1.246      ;
; 1.003 ; clk_div:clk_div_inst|tick_cnt[28] ; clk_div:clk_div_inst|tick_cnt[31] ; clk_in       ; clk_in      ; 0.000        ; 0.072      ; 1.246      ;
; 1.009 ; clk_div:clk_div_inst|tick_cnt[6]  ; clk_div:clk_div_inst|tick_cnt[10] ; clk_in       ; clk_in      ; 0.000        ; 0.072      ; 1.252      ;
; 1.011 ; clk_div:clk_div_inst|tick_cnt[0]  ; clk_div:clk_div_inst|tick_cnt[4]  ; clk_in       ; clk_in      ; 0.000        ; 0.072      ; 1.254      ;
; 1.012 ; clk_div:clk_div_inst|tick_cnt[2]  ; clk_div:clk_div_inst|tick_cnt[6]  ; clk_in       ; clk_in      ; 0.000        ; 0.072      ; 1.255      ;
; 1.014 ; clk_div:clk_div_inst|tick_cnt[26] ; clk_div:clk_div_inst|tick_cnt[30] ; clk_in       ; clk_in      ; 0.000        ; 0.072      ; 1.257      ;
; 1.014 ; clk_div:clk_div_inst|tick_cnt[24] ; clk_div:clk_div_inst|tick_cnt[28] ; clk_in       ; clk_in      ; 0.000        ; 0.072      ; 1.257      ;
; 1.093 ; clk_div:clk_div_inst|tick_cnt[13] ; clk_div:clk_div_inst|tick_cnt[17] ; clk_in       ; clk_in      ; 0.000        ; 0.072      ; 1.336      ;
; 1.093 ; clk_div:clk_div_inst|tick_cnt[5]  ; clk_div:clk_div_inst|tick_cnt[9]  ; clk_in       ; clk_in      ; 0.000        ; 0.072      ; 1.336      ;
; 1.094 ; clk_div:clk_div_inst|tick_cnt[7]  ; clk_div:clk_div_inst|tick_cnt[11] ; clk_in       ; clk_in      ; 0.000        ; 0.072      ; 1.337      ;
; 1.097 ; clk_div:clk_div_inst|tick_cnt[23] ; clk_div:clk_div_inst|tick_cnt[24] ; clk_in       ; clk_in      ; 0.000        ; 0.070      ; 1.338      ;
; 1.097 ; clk_div:clk_div_inst|tick_cnt[1]  ; clk_div:clk_div_inst|tick_cnt[5]  ; clk_in       ; clk_in      ; 0.000        ; 0.072      ; 1.340      ;
; 1.098 ; clk_div:clk_div_inst|tick_cnt[9]  ; clk_div:clk_div_inst|tick_cnt[13] ; clk_in       ; clk_in      ; 0.000        ; 0.072      ; 1.341      ;
; 1.099 ; clk_div:clk_div_inst|tick_cnt[25] ; clk_div:clk_div_inst|tick_cnt[29] ; clk_in       ; clk_in      ; 0.000        ; 0.072      ; 1.342      ;
; 1.104 ; clk_div:clk_div_inst|tick_cnt[13] ; clk_div:clk_div_inst|tick_cnt[18] ; clk_in       ; clk_in      ; 0.000        ; 0.072      ; 1.347      ;
; 1.104 ; clk_div:clk_div_inst|tick_cnt[5]  ; clk_div:clk_div_inst|tick_cnt[10] ; clk_in       ; clk_in      ; 0.000        ; 0.072      ; 1.347      ;
; 1.105 ; clk_div:clk_div_inst|tick_cnt[11] ; clk_div:clk_div_inst|tick_cnt[16] ; clk_in       ; clk_in      ; 0.000        ; 0.072      ; 1.348      ;
; 1.105 ; clk_div:clk_div_inst|tick_cnt[19] ; clk_div:clk_div_inst|tick_cnt[24] ; clk_in       ; clk_in      ; 0.000        ; 0.072      ; 1.348      ;
; 1.108 ; clk_div:clk_div_inst|tick_cnt[1]  ; clk_div:clk_div_inst|tick_cnt[6]  ; clk_in       ; clk_in      ; 0.000        ; 0.072      ; 1.351      ;
; 1.108 ; clk_div:clk_div_inst|tick_cnt[6]  ; clk_div:clk_div_inst|tick_cnt[11] ; clk_in       ; clk_in      ; 0.000        ; 0.072      ; 1.351      ;
; 1.108 ; clk_div:clk_div_inst|tick_cnt[22] ; clk_div:clk_div_inst|tick_cnt[24] ; clk_in       ; clk_in      ; 0.000        ; 0.070      ; 1.349      ;
; 1.110 ; clk_div:clk_div_inst|tick_cnt[25] ; clk_div:clk_div_inst|tick_cnt[30] ; clk_in       ; clk_in      ; 0.000        ; 0.072      ; 1.353      ;
; 1.110 ; clk_div:clk_div_inst|tick_cnt[0]  ; clk_div:clk_div_inst|tick_cnt[5]  ; clk_in       ; clk_in      ; 0.000        ; 0.072      ; 1.353      ;
; 1.112 ; clk_div:clk_div_inst|tick_cnt[4]  ; clk_div:clk_div_inst|tick_cnt[9]  ; clk_in       ; clk_in      ; 0.000        ; 0.072      ; 1.355      ;
; 1.112 ; clk_div:clk_div_inst|tick_cnt[8]  ; clk_div:clk_div_inst|tick_cnt[13] ; clk_in       ; clk_in      ; 0.000        ; 0.072      ; 1.355      ;
; 1.113 ; clk_div:clk_div_inst|tick_cnt[26] ; clk_div:clk_div_inst|tick_cnt[31] ; clk_in       ; clk_in      ; 0.000        ; 0.072      ; 1.356      ;
; 1.113 ; clk_div:clk_div_inst|tick_cnt[24] ; clk_div:clk_div_inst|tick_cnt[29] ; clk_in       ; clk_in      ; 0.000        ; 0.072      ; 1.356      ;
; 1.121 ; clk_div:clk_div_inst|tick_cnt[0]  ; clk_div:clk_div_inst|tick_cnt[6]  ; clk_in       ; clk_in      ; 0.000        ; 0.072      ; 1.364      ;
; 1.123 ; clk_div:clk_div_inst|tick_cnt[4]  ; clk_div:clk_div_inst|tick_cnt[10] ; clk_in       ; clk_in      ; 0.000        ; 0.072      ; 1.366      ;
; 1.123 ; clk_div:clk_div_inst|tick_cnt[10] ; clk_div:clk_div_inst|tick_cnt[16] ; clk_in       ; clk_in      ; 0.000        ; 0.072      ; 1.366      ;
; 1.123 ; clk_div:clk_div_inst|tick_cnt[18] ; clk_div:clk_div_inst|tick_cnt[24] ; clk_in       ; clk_in      ; 0.000        ; 0.072      ; 1.366      ;
; 1.124 ; clk_div:clk_div_inst|tick_cnt[24] ; clk_div:clk_div_inst|tick_cnt[30] ; clk_in       ; clk_in      ; 0.000        ; 0.072      ; 1.367      ;
; 1.153 ; clk_div:clk_div_inst|tick_cnt[23] ; clk_div:clk_div_inst|tick_cnt[25] ; clk_in       ; clk_in      ; 0.000        ; 0.070      ; 1.394      ;
; 1.175 ; clk_div:clk_div_inst|tick_cnt[20] ; clk_div:clk_div_inst|tick_cnt[24] ; clk_in       ; clk_in      ; 0.000        ; 0.070      ; 1.416      ;
; 1.175 ; clk_div:clk_div_inst|tick_cnt[22] ; clk_div:clk_div_inst|tick_cnt[25] ; clk_in       ; clk_in      ; 0.000        ; 0.070      ; 1.416      ;
+-------+-----------------------------------+-----------------------------------+--------------+-------------+--------------+------------+------------+


----------------------------------------------
; Slow 1200mV 0C Model Metastability Summary ;
----------------------------------------------
No synchronizer chains to report.


+-------------------------------------------------------+
; Fast 1200mV 0C Model Setup Summary                    ;
+------------------------------+--------+---------------+
; Clock                        ; Slack  ; End Point TNS ;
+------------------------------+--------+---------------+
; clk_in                       ; -1.802 ; -17.698       ;
; clk_div:clk_div_inst|clk_led ; 0.555  ; 0.000         ;
+------------------------------+--------+---------------+


+------------------------------------------------------+
; Fast 1200mV 0C Model Hold Summary                    ;
+------------------------------+-------+---------------+
; Clock                        ; Slack ; End Point TNS ;
+------------------------------+-------+---------------+
; clk_div:clk_div_inst|clk_led ; 0.188 ; 0.000         ;
; clk_in                       ; 0.299 ; 0.000         ;
+------------------------------+-------+---------------+


-----------------------------------------
; Fast 1200mV 0C Model Recovery Summary ;
-----------------------------------------
No paths to report.


----------------------------------------
; Fast 1200mV 0C Model Removal Summary ;
----------------------------------------
No paths to report.


+-------------------------------------------------------+
; Fast 1200mV 0C Model Minimum Pulse Width Summary      ;
+------------------------------+--------+---------------+
; Clock                        ; Slack  ; End Point TNS ;
+------------------------------+--------+---------------+
; clk_in                       ; -3.000 ; -37.980       ;
; clk_div:clk_div_inst|clk_led ; -1.000 ; -4.000        ;
+------------------------------+--------+---------------+


+----------------------------------------------------------------------------------------------------------------------------------------------------------------------+
; Fast 1200mV 0C Model Setup: 'clk_in'                                                                                                                                 ;
+--------+-----------------------------------+-----------------------------------+------------------------------+-------------+--------------+------------+------------+
; Slack  ; From Node                         ; To Node                           ; Launch Clock                 ; Latch Clock ; Relationship ; Clock Skew ; Data Delay ;
+--------+-----------------------------------+-----------------------------------+------------------------------+-------------+--------------+------------+------------+
; -1.802 ; clk_div:clk_div_inst|tick_cnt[27] ; clk_div:clk_div_inst|clk_led      ; clk_in                       ; clk_in      ; 1.000        ; -0.041     ; 2.748      ;
; -1.796 ; clk_div:clk_div_inst|tick_cnt[8]  ; clk_div:clk_div_inst|clk_led      ; clk_in                       ; clk_in      ; 1.000        ; -0.039     ; 2.744      ;
; -1.780 ; clk_div:clk_div_inst|tick_cnt[31] ; clk_div:clk_div_inst|clk_led      ; clk_in                       ; clk_in      ; 1.000        ; -0.039     ; 2.728      ;
; -1.771 ; clk_div:clk_div_inst|tick_cnt[29] ; clk_div:clk_div_inst|clk_led      ; clk_in                       ; clk_in      ; 1.000        ; -0.039     ; 2.719      ;
; -1.762 ; clk_div:clk_div_inst|tick_cnt[30] ; clk_div:clk_div_inst|clk_led      ; clk_in                       ; clk_in      ; 1.000        ; -0.039     ; 2.710      ;
; -1.697 ; clk_div:clk_div_inst|tick_cnt[25] ; clk_div:clk_div_inst|clk_led      ; clk_in                       ; clk_in      ; 1.000        ; -0.039     ; 2.645      ;
; -1.678 ; clk_div:clk_div_inst|tick_cnt[26] ; clk_div:clk_div_inst|clk_led      ; clk_in                       ; clk_in      ; 1.000        ; -0.039     ; 2.626      ;
; -1.669 ; clk_div:clk_div_inst|tick_cnt[16] ; clk_div:clk_div_inst|clk_led      ; clk_in                       ; clk_in      ; 1.000        ; -0.039     ; 2.617      ;
; -1.663 ; clk_div:clk_div_inst|tick_cnt[18] ; clk_div:clk_div_inst|clk_led      ; clk_in                       ; clk_in      ; 1.000        ; -0.039     ; 2.611      ;
; -1.653 ; clk_div:clk_div_inst|tick_cnt[17] ; clk_div:clk_div_inst|clk_led      ; clk_in                       ; clk_in      ; 1.000        ; -0.039     ; 2.601      ;
; -1.641 ; clk_div:clk_div_inst|tick_cnt[10] ; clk_div:clk_div_inst|clk_led      ; clk_in                       ; clk_in      ; 1.000        ; -0.039     ; 2.589      ;
; -1.638 ; clk_div:clk_div_inst|tick_cnt[11] ; clk_div:clk_div_inst|clk_led      ; clk_in                       ; clk_in      ; 1.000        ; -0.039     ; 2.586      ;
; -1.627 ; clk_div:clk_div_inst|tick_cnt[28] ; clk_div:clk_div_inst|clk_led      ; clk_in                       ; clk_in      ; 1.000        ; -0.039     ; 2.575      ;
; -1.617 ; clk_div:clk_div_inst|tick_cnt[13] ; clk_div:clk_div_inst|clk_led      ; clk_in                       ; clk_in      ; 1.000        ; -0.039     ; 2.565      ;
; -1.613 ; clk_div:clk_div_inst|tick_cnt[5]  ; clk_div:clk_div_inst|clk_led      ; clk_in                       ; clk_in      ; 1.000        ; -0.039     ; 2.561      ;
; -1.595 ; clk_div:clk_div_inst|tick_cnt[0]  ; clk_div:clk_div_inst|clk_led      ; clk_in                       ; clk_in      ; 1.000        ; -0.039     ; 2.543      ;
; -1.581 ; clk_div:clk_div_inst|tick_cnt[3]  ; clk_div:clk_div_inst|clk_led      ; clk_in                       ; clk_in      ; 1.000        ; -0.039     ; 2.529      ;
; -1.546 ; clk_div:clk_div_inst|tick_cnt[24] ; clk_div:clk_div_inst|clk_led      ; clk_in                       ; clk_in      ; 1.000        ; -0.039     ; 2.494      ;
; -1.544 ; clk_div:clk_div_inst|tick_cnt[4]  ; clk_div:clk_div_inst|clk_led      ; clk_in                       ; clk_in      ; 1.000        ; -0.039     ; 2.492      ;
; -1.524 ; clk_div:clk_div_inst|tick_cnt[22] ; clk_div:clk_div_inst|clk_led      ; clk_in                       ; clk_in      ; 1.000        ; -0.041     ; 2.470      ;
; -1.520 ; clk_div:clk_div_inst|tick_cnt[23] ; clk_div:clk_div_inst|clk_led      ; clk_in                       ; clk_in      ; 1.000        ; -0.041     ; 2.466      ;
; -1.519 ; clk_div:clk_div_inst|tick_cnt[2]  ; clk_div:clk_div_inst|clk_led      ; clk_in                       ; clk_in      ; 1.000        ; -0.039     ; 2.467      ;
; -1.508 ; clk_div:clk_div_inst|tick_cnt[19] ; clk_div:clk_div_inst|clk_led      ; clk_in                       ; clk_in      ; 1.000        ; -0.039     ; 2.456      ;
; -1.506 ; clk_div:clk_div_inst|tick_cnt[7]  ; clk_div:clk_div_inst|clk_led      ; clk_in                       ; clk_in      ; 1.000        ; -0.039     ; 2.454      ;
; -1.482 ; clk_div:clk_div_inst|tick_cnt[9]  ; clk_div:clk_div_inst|clk_led      ; clk_in                       ; clk_in      ; 1.000        ; -0.039     ; 2.430      ;
; -1.461 ; clk_div:clk_div_inst|tick_cnt[21] ; clk_div:clk_div_inst|clk_led      ; clk_in                       ; clk_in      ; 1.000        ; -0.041     ; 2.407      ;
; -1.458 ; clk_div:clk_div_inst|tick_cnt[1]  ; clk_div:clk_div_inst|clk_led      ; clk_in                       ; clk_in      ; 1.000        ; -0.039     ; 2.406      ;
; -1.435 ; clk_div:clk_div_inst|tick_cnt[6]  ; clk_div:clk_div_inst|clk_led      ; clk_in                       ; clk_in      ; 1.000        ; -0.039     ; 2.383      ;
; -1.393 ; clk_div:clk_div_inst|tick_cnt[12] ; clk_div:clk_div_inst|clk_led      ; clk_in                       ; clk_in      ; 1.000        ; -0.041     ; 2.339      ;
; -1.393 ; clk_div:clk_div_inst|tick_cnt[14] ; clk_div:clk_div_inst|clk_led      ; clk_in                       ; clk_in      ; 1.000        ; -0.041     ; 2.339      ;
; -1.386 ; clk_div:clk_div_inst|tick_cnt[20] ; clk_div:clk_div_inst|clk_led      ; clk_in                       ; clk_in      ; 1.000        ; -0.041     ; 2.332      ;
; -1.257 ; clk_div:clk_div_inst|tick_cnt[15] ; clk_div:clk_div_inst|clk_led      ; clk_in                       ; clk_in      ; 1.000        ; -0.041     ; 2.203      ;
; -1.080 ; clk_div:clk_div_inst|tick_cnt[1]  ; clk_div:clk_div_inst|tick_cnt[8]  ; clk_in                       ; clk_in      ; 1.000        ; -0.041     ; 2.026      ;
; -1.036 ; clk_div:clk_div_inst|tick_cnt[1]  ; clk_div:clk_div_inst|tick_cnt[7]  ; clk_in                       ; clk_in      ; 1.000        ; -0.041     ; 1.982      ;
; -1.032 ; clk_div:clk_div_inst|tick_cnt[0]  ; clk_div:clk_div_inst|tick_cnt[8]  ; clk_in                       ; clk_in      ; 1.000        ; -0.041     ; 1.978      ;
; -1.022 ; clk_div:clk_div_inst|tick_cnt[0]  ; clk_div:clk_div_inst|tick_cnt[7]  ; clk_in                       ; clk_in      ; 1.000        ; -0.041     ; 1.968      ;
; -1.013 ; clk_div:clk_div_inst|tick_cnt[27] ; clk_div:clk_div_inst|tick_cnt[7]  ; clk_in                       ; clk_in      ; 1.000        ; -0.043     ; 1.957      ;
; -1.009 ; clk_div:clk_div_inst|tick_cnt[3]  ; clk_div:clk_div_inst|tick_cnt[8]  ; clk_in                       ; clk_in      ; 1.000        ; -0.041     ; 1.955      ;
; -1.000 ; clk_div:clk_div_inst|tick_cnt[27] ; clk_div:clk_div_inst|tick_cnt[8]  ; clk_in                       ; clk_in      ; 1.000        ; -0.043     ; 1.944      ;
; -0.994 ; clk_div:clk_div_inst|tick_cnt[31] ; clk_div:clk_div_inst|tick_cnt[7]  ; clk_in                       ; clk_in      ; 1.000        ; -0.041     ; 1.940      ;
; -0.985 ; clk_div:clk_div_inst|tick_cnt[8]  ; clk_div:clk_div_inst|tick_cnt[7]  ; clk_in                       ; clk_in      ; 1.000        ; -0.041     ; 1.931      ;
; -0.984 ; clk_div:clk_div_inst|tick_cnt[8]  ; clk_div:clk_div_inst|tick_cnt[8]  ; clk_in                       ; clk_in      ; 1.000        ; -0.041     ; 1.930      ;
; -0.982 ; clk_div:clk_div_inst|tick_cnt[29] ; clk_div:clk_div_inst|tick_cnt[7]  ; clk_in                       ; clk_in      ; 1.000        ; -0.041     ; 1.928      ;
; -0.981 ; clk_div:clk_div_inst|tick_cnt[31] ; clk_div:clk_div_inst|tick_cnt[8]  ; clk_in                       ; clk_in      ; 1.000        ; -0.041     ; 1.927      ;
; -0.973 ; clk_div:clk_div_inst|tick_cnt[30] ; clk_div:clk_div_inst|tick_cnt[7]  ; clk_in                       ; clk_in      ; 1.000        ; -0.041     ; 1.919      ;
; -0.969 ; clk_div:clk_div_inst|tick_cnt[29] ; clk_div:clk_div_inst|tick_cnt[8]  ; clk_in                       ; clk_in      ; 1.000        ; -0.041     ; 1.915      ;
; -0.965 ; clk_div:clk_div_inst|tick_cnt[2]  ; clk_div:clk_div_inst|tick_cnt[8]  ; clk_in                       ; clk_in      ; 1.000        ; -0.041     ; 1.911      ;
; -0.965 ; clk_div:clk_div_inst|tick_cnt[3]  ; clk_div:clk_div_inst|tick_cnt[7]  ; clk_in                       ; clk_in      ; 1.000        ; -0.041     ; 1.911      ;
; -0.960 ; clk_div:clk_div_inst|tick_cnt[30] ; clk_div:clk_div_inst|tick_cnt[8]  ; clk_in                       ; clk_in      ; 1.000        ; -0.041     ; 1.906      ;
; -0.955 ; clk_div:clk_div_inst|tick_cnt[2]  ; clk_div:clk_div_inst|tick_cnt[7]  ; clk_in                       ; clk_in      ; 1.000        ; -0.041     ; 1.901      ;
; -0.953 ; clk_div:clk_div_inst|tick_cnt[1]  ; clk_div:clk_div_inst|tick_cnt[27] ; clk_in                       ; clk_in      ; 1.000        ; -0.039     ; 1.901      ;
; -0.941 ; clk_div:clk_div_inst|tick_cnt[5]  ; clk_div:clk_div_inst|tick_cnt[8]  ; clk_in                       ; clk_in      ; 1.000        ; -0.041     ; 1.887      ;
; -0.939 ; clk_div:clk_div_inst|tick_cnt[0]  ; clk_div:clk_div_inst|tick_cnt[27] ; clk_in                       ; clk_in      ; 1.000        ; -0.039     ; 1.887      ;
; -0.927 ; clk_div:clk_div_inst|tick_cnt[25] ; clk_div:clk_div_inst|tick_cnt[7]  ; clk_in                       ; clk_in      ; 1.000        ; -0.041     ; 1.873      ;
; -0.916 ; clk_div:clk_div_inst|tick_cnt[26] ; clk_div:clk_div_inst|tick_cnt[7]  ; clk_in                       ; clk_in      ; 1.000        ; -0.041     ; 1.862      ;
; -0.914 ; clk_div:clk_div_inst|tick_cnt[25] ; clk_div:clk_div_inst|tick_cnt[8]  ; clk_in                       ; clk_in      ; 1.000        ; -0.041     ; 1.860      ;
; -0.903 ; clk_div:clk_div_inst|tick_cnt[26] ; clk_div:clk_div_inst|tick_cnt[8]  ; clk_in                       ; clk_in      ; 1.000        ; -0.041     ; 1.849      ;
; -0.897 ; clk_div:clk_div_inst|tick_cnt[4]  ; clk_div:clk_div_inst|tick_cnt[8]  ; clk_in                       ; clk_in      ; 1.000        ; -0.041     ; 1.843      ;
; -0.897 ; clk_div:clk_div_inst|tick_cnt[5]  ; clk_div:clk_div_inst|tick_cnt[7]  ; clk_in                       ; clk_in      ; 1.000        ; -0.041     ; 1.843      ;
; -0.896 ; clk_div:clk_div_inst|tick_cnt[16] ; clk_div:clk_div_inst|tick_cnt[7]  ; clk_in                       ; clk_in      ; 1.000        ; -0.041     ; 1.842      ;
; -0.887 ; clk_div:clk_div_inst|tick_cnt[4]  ; clk_div:clk_div_inst|tick_cnt[7]  ; clk_in                       ; clk_in      ; 1.000        ; -0.041     ; 1.833      ;
; -0.887 ; clk_div:clk_div_inst|tick_cnt[17] ; clk_div:clk_div_inst|tick_cnt[7]  ; clk_in                       ; clk_in      ; 1.000        ; -0.041     ; 1.833      ;
; -0.883 ; clk_div:clk_div_inst|tick_cnt[16] ; clk_div:clk_div_inst|tick_cnt[8]  ; clk_in                       ; clk_in      ; 1.000        ; -0.041     ; 1.829      ;
; -0.882 ; clk_div:clk_div_inst|tick_cnt[3]  ; clk_div:clk_div_inst|tick_cnt[27] ; clk_in                       ; clk_in      ; 1.000        ; -0.039     ; 1.830      ;
; -0.882 ; clk_div:clk_div_inst|tick_cnt[18] ; clk_div:clk_div_inst|tick_cnt[7]  ; clk_in                       ; clk_in      ; 1.000        ; -0.041     ; 1.828      ;
; -0.876 ; clk_div:clk_div_inst|tick_cnt[7]  ; clk_div:clk_div_inst|tick_cnt[8]  ; clk_in                       ; clk_in      ; 1.000        ; -0.041     ; 1.822      ;
; -0.874 ; clk_div:clk_div_inst|tick_cnt[17] ; clk_div:clk_div_inst|tick_cnt[8]  ; clk_in                       ; clk_in      ; 1.000        ; -0.041     ; 1.820      ;
; -0.872 ; clk_div:clk_div_inst|tick_cnt[2]  ; clk_div:clk_div_inst|tick_cnt[27] ; clk_in                       ; clk_in      ; 1.000        ; -0.039     ; 1.820      ;
; -0.869 ; clk_div:clk_div_inst|tick_cnt[18] ; clk_div:clk_div_inst|tick_cnt[8]  ; clk_in                       ; clk_in      ; 1.000        ; -0.041     ; 1.815      ;
; -0.855 ; clk_div:clk_div_inst|tick_cnt[13] ; clk_div:clk_div_inst|tick_cnt[7]  ; clk_in                       ; clk_in      ; 1.000        ; -0.041     ; 1.801      ;
; -0.850 ; clk_div:clk_div_inst|tick_cnt[13] ; clk_div:clk_div_inst|tick_cnt[8]  ; clk_in                       ; clk_in      ; 1.000        ; -0.041     ; 1.796      ;
; -0.848 ; clk_div:clk_div_inst|tick_cnt[11] ; clk_div:clk_div_inst|tick_cnt[7]  ; clk_in                       ; clk_in      ; 1.000        ; -0.041     ; 1.794      ;
; -0.844 ; clk_div:clk_div_inst|tick_cnt[1]  ; clk_div:clk_div_inst|tick_cnt[31] ; clk_in                       ; clk_in      ; 1.000        ; -0.041     ; 1.790      ;
; -0.843 ; clk_div:clk_div_inst|tick_cnt[11] ; clk_div:clk_div_inst|tick_cnt[8]  ; clk_in                       ; clk_in      ; 1.000        ; -0.041     ; 1.789      ;
; -0.840 ; clk_div:clk_div_inst|tick_cnt[1]  ; clk_div:clk_div_inst|tick_cnt[30] ; clk_in                       ; clk_in      ; 1.000        ; -0.041     ; 1.786      ;
; -0.838 ; clk_div:clk_div_inst|tick_cnt[28] ; clk_div:clk_div_inst|tick_cnt[7]  ; clk_in                       ; clk_in      ; 1.000        ; -0.041     ; 1.784      ;
; -0.833 ; clk_div:clk_div_inst|tick_cnt[10] ; clk_div:clk_div_inst|tick_cnt[7]  ; clk_in                       ; clk_in      ; 1.000        ; -0.041     ; 1.779      ;
; -0.830 ; clk_div:clk_div_inst|tick_cnt[0]  ; clk_div:clk_div_inst|tick_cnt[31] ; clk_in                       ; clk_in      ; 1.000        ; -0.041     ; 1.776      ;
; -0.829 ; clk_div:clk_div_inst|tick_cnt[10] ; clk_div:clk_div_inst|tick_cnt[8]  ; clk_in                       ; clk_in      ; 1.000        ; -0.041     ; 1.775      ;
; -0.828 ; clk_div:clk_div_inst|tick_cnt[6]  ; clk_div:clk_div_inst|tick_cnt[8]  ; clk_in                       ; clk_in      ; 1.000        ; -0.041     ; 1.774      ;
; -0.826 ; clk_div:clk_div_inst|tick_cnt[1]  ; clk_div:clk_div_inst|tick_cnt[22] ; clk_in                       ; clk_in      ; 1.000        ; -0.039     ; 1.774      ;
; -0.825 ; clk_div:clk_div_inst|tick_cnt[28] ; clk_div:clk_div_inst|tick_cnt[8]  ; clk_in                       ; clk_in      ; 1.000        ; -0.041     ; 1.771      ;
; -0.819 ; clk_div:clk_div_inst|tick_cnt[6]  ; clk_div:clk_div_inst|tick_cnt[7]  ; clk_in                       ; clk_in      ; 1.000        ; -0.041     ; 1.765      ;
; -0.817 ; clk_div:clk_div_inst|tick_cnt[1]  ; clk_div:clk_div_inst|tick_cnt[23] ; clk_in                       ; clk_in      ; 1.000        ; -0.039     ; 1.765      ;
; -0.814 ; clk_div:clk_div_inst|tick_cnt[5]  ; clk_div:clk_div_inst|tick_cnt[27] ; clk_in                       ; clk_in      ; 1.000        ; -0.039     ; 1.762      ;
; -0.804 ; clk_div:clk_div_inst|tick_cnt[4]  ; clk_div:clk_div_inst|tick_cnt[27] ; clk_in                       ; clk_in      ; 1.000        ; -0.039     ; 1.752      ;
; -0.803 ; clk_div:clk_div_inst|tick_cnt[0]  ; clk_div:clk_div_inst|tick_cnt[23] ; clk_in                       ; clk_in      ; 1.000        ; -0.039     ; 1.751      ;
; -0.792 ; clk_div:clk_div_inst|tick_cnt[0]  ; clk_div:clk_div_inst|tick_cnt[30] ; clk_in                       ; clk_in      ; 1.000        ; -0.041     ; 1.738      ;
; -0.791 ; clk_div:clk_div_inst|tick_cnt[1]  ; clk_div:clk_div_inst|tick_cnt[14] ; clk_in                       ; clk_in      ; 1.000        ; -0.039     ; 1.739      ;
; -0.782 ; clk_div:clk_div_inst|clk_led      ; clk_div:clk_div_inst|clk_led      ; clk_div:clk_div_inst|clk_led ; clk_in      ; 0.500        ; 1.568      ; 2.932      ;
; -0.778 ; clk_div:clk_div_inst|tick_cnt[0]  ; clk_div:clk_div_inst|tick_cnt[22] ; clk_in                       ; clk_in      ; 1.000        ; -0.039     ; 1.726      ;
; -0.776 ; clk_div:clk_div_inst|tick_cnt[1]  ; clk_div:clk_div_inst|tick_cnt[29] ; clk_in                       ; clk_in      ; 1.000        ; -0.041     ; 1.722      ;
; -0.773 ; clk_div:clk_div_inst|tick_cnt[3]  ; clk_div:clk_div_inst|tick_cnt[31] ; clk_in                       ; clk_in      ; 1.000        ; -0.041     ; 1.719      ;
; -0.772 ; clk_div:clk_div_inst|tick_cnt[1]  ; clk_div:clk_div_inst|tick_cnt[28] ; clk_in                       ; clk_in      ; 1.000        ; -0.041     ; 1.718      ;
; -0.769 ; clk_div:clk_div_inst|tick_cnt[3]  ; clk_div:clk_div_inst|tick_cnt[30] ; clk_in                       ; clk_in      ; 1.000        ; -0.041     ; 1.715      ;
; -0.768 ; clk_div:clk_div_inst|tick_cnt[24] ; clk_div:clk_div_inst|tick_cnt[7]  ; clk_in                       ; clk_in      ; 1.000        ; -0.041     ; 1.714      ;
; -0.763 ; clk_div:clk_div_inst|tick_cnt[2]  ; clk_div:clk_div_inst|tick_cnt[31] ; clk_in                       ; clk_in      ; 1.000        ; -0.041     ; 1.709      ;
; -0.762 ; clk_div:clk_div_inst|tick_cnt[1]  ; clk_div:clk_div_inst|tick_cnt[21] ; clk_in                       ; clk_in      ; 1.000        ; -0.039     ; 1.710      ;
; -0.762 ; clk_div:clk_div_inst|tick_cnt[0]  ; clk_div:clk_div_inst|tick_cnt[29] ; clk_in                       ; clk_in      ; 1.000        ; -0.041     ; 1.708      ;
; -0.759 ; clk_div:clk_div_inst|tick_cnt[12] ; clk_div:clk_div_inst|tick_cnt[27] ; clk_in                       ; clk_in      ; 1.000        ; -0.041     ; 1.705      ;
+--------+-----------------------------------+-----------------------------------+------------------------------+-------------+--------------+------------+------------+


+------------------------------------------------------------------------------------------------------------------------------------------------------------------------------------+
; Fast 1200mV 0C Model Setup: 'clk_div:clk_div_inst|clk_led'                                                                                                                         ;
+-------+----------------------------------+----------------------------------+------------------------------+------------------------------+--------------+------------+------------+
; Slack ; From Node                        ; To Node                          ; Launch Clock                 ; Latch Clock                  ; Relationship ; Clock Skew ; Data Delay ;
+-------+----------------------------------+----------------------------------+------------------------------+------------------------------+--------------+------------+------------+
; 0.555 ; sequence_101:seq_101_inst|pre.s2 ; sequence_101:seq_101_inst|pre.s3 ; clk_div:clk_div_inst|clk_led ; clk_div:clk_div_inst|clk_led ; 1.000        ; -0.042     ; 0.390      ;
; 0.555 ; sequence_101:seq_101_inst|pre.s1 ; sequence_101:seq_101_inst|pre.s0 ; clk_div:clk_div_inst|clk_led ; clk_div:clk_div_inst|clk_led ; 1.000        ; -0.042     ; 0.390      ;
; 0.555 ; sequence_101:seq_101_inst|pre.s1 ; sequence_101:seq_101_inst|pre.s2 ; clk_div:clk_div_inst|clk_led ; clk_div:clk_div_inst|clk_led ; 1.000        ; -0.042     ; 0.390      ;
; 0.559 ; sequence_101:seq_101_inst|pre.s2 ; sequence_101:seq_101_inst|pre.s1 ; clk_div:clk_div_inst|clk_led ; clk_div:clk_div_inst|clk_led ; 1.000        ; -0.042     ; 0.386      ;
; 0.586 ; sequence_101:seq_101_inst|pre.s1 ; sequence_101:seq_101_inst|pre.s1 ; clk_div:clk_div_inst|clk_led ; clk_div:clk_div_inst|clk_led ; 1.000        ; -0.042     ; 0.359      ;
+-------+----------------------------------+----------------------------------+------------------------------+------------------------------+--------------+------------+------------+


+------------------------------------------------------------------------------------------------------------------------------------------------------------------------------------+
; Fast 1200mV 0C Model Hold: 'clk_div:clk_div_inst|clk_led'                                                                                                                          ;
+-------+----------------------------------+----------------------------------+------------------------------+------------------------------+--------------+------------+------------+
; Slack ; From Node                        ; To Node                          ; Launch Clock                 ; Latch Clock                  ; Relationship ; Clock Skew ; Data Delay ;
+-------+----------------------------------+----------------------------------+------------------------------+------------------------------+--------------+------------+------------+
; 0.188 ; sequence_101:seq_101_inst|pre.s1 ; sequence_101:seq_101_inst|pre.s1 ; clk_div:clk_div_inst|clk_led ; clk_div:clk_div_inst|clk_led ; 0.000        ; 0.042      ; 0.314      ;
; 0.203 ; sequence_101:seq_101_inst|pre.s2 ; sequence_101:seq_101_inst|pre.s3 ; clk_div:clk_div_inst|clk_led ; clk_div:clk_div_inst|clk_led ; 0.000        ; 0.042      ; 0.329      ;
; 0.203 ; sequence_101:seq_101_inst|pre.s1 ; sequence_101:seq_101_inst|pre.s0 ; clk_div:clk_div_inst|clk_led ; clk_div:clk_div_inst|clk_led ; 0.000        ; 0.042      ; 0.329      ;
; 0.203 ; sequence_101:seq_101_inst|pre.s1 ; sequence_101:seq_101_inst|pre.s2 ; clk_div:clk_div_inst|clk_led ; clk_div:clk_div_inst|clk_led ; 0.000        ; 0.042      ; 0.329      ;
; 0.207 ; sequence_101:seq_101_inst|pre.s2 ; sequence_101:seq_101_inst|pre.s1 ; clk_div:clk_div_inst|clk_led ; clk_div:clk_div_inst|clk_led ; 0.000        ; 0.042      ; 0.333      ;
+-------+----------------------------------+----------------------------------+------------------------------+------------------------------+--------------+------------+------------+


+---------------------------------------------------------------------------------------------------------------------------------------------------------------------+
; Fast 1200mV 0C Model Hold: 'clk_in'                                                                                                                                 ;
+-------+-----------------------------------+-----------------------------------+------------------------------+-------------+--------------+------------+------------+
; Slack ; From Node                         ; To Node                           ; Launch Clock                 ; Latch Clock ; Relationship ; Clock Skew ; Data Delay ;
+-------+-----------------------------------+-----------------------------------+------------------------------+-------------+--------------+------------+------------+
; 0.299 ; clk_div:clk_div_inst|tick_cnt[31] ; clk_div:clk_div_inst|tick_cnt[31] ; clk_in                       ; clk_in      ; 0.000        ; 0.041      ; 0.424      ;
; 0.299 ; clk_div:clk_div_inst|tick_cnt[13] ; clk_div:clk_div_inst|tick_cnt[13] ; clk_in                       ; clk_in      ; 0.000        ; 0.041      ; 0.424      ;
; 0.299 ; clk_div:clk_div_inst|tick_cnt[5]  ; clk_div:clk_div_inst|tick_cnt[5]  ; clk_in                       ; clk_in      ; 0.000        ; 0.041      ; 0.424      ;
; 0.299 ; clk_div:clk_div_inst|tick_cnt[3]  ; clk_div:clk_div_inst|tick_cnt[3]  ; clk_in                       ; clk_in      ; 0.000        ; 0.041      ; 0.424      ;
; 0.299 ; clk_div:clk_div_inst|tick_cnt[1]  ; clk_div:clk_div_inst|tick_cnt[1]  ; clk_in                       ; clk_in      ; 0.000        ; 0.041      ; 0.424      ;
; 0.300 ; clk_div:clk_div_inst|tick_cnt[19] ; clk_div:clk_div_inst|tick_cnt[19] ; clk_in                       ; clk_in      ; 0.000        ; 0.041      ; 0.425      ;
; 0.300 ; clk_div:clk_div_inst|tick_cnt[29] ; clk_div:clk_div_inst|tick_cnt[29] ; clk_in                       ; clk_in      ; 0.000        ; 0.041      ; 0.425      ;
; 0.300 ; clk_div:clk_div_inst|tick_cnt[17] ; clk_div:clk_div_inst|tick_cnt[17] ; clk_in                       ; clk_in      ; 0.000        ; 0.041      ; 0.425      ;
; 0.300 ; clk_div:clk_div_inst|tick_cnt[11] ; clk_div:clk_div_inst|tick_cnt[11] ; clk_in                       ; clk_in      ; 0.000        ; 0.041      ; 0.425      ;
; 0.300 ; clk_div:clk_div_inst|tick_cnt[6]  ; clk_div:clk_div_inst|tick_cnt[6]  ; clk_in                       ; clk_in      ; 0.000        ; 0.041      ; 0.425      ;
; 0.301 ; clk_div:clk_div_inst|tick_cnt[9]  ; clk_div:clk_div_inst|tick_cnt[9]  ; clk_in                       ; clk_in      ; 0.000        ; 0.041      ; 0.426      ;
; 0.301 ; clk_div:clk_div_inst|tick_cnt[25] ; clk_div:clk_div_inst|tick_cnt[25] ; clk_in                       ; clk_in      ; 0.000        ; 0.041      ; 0.426      ;
; 0.301 ; clk_div:clk_div_inst|tick_cnt[18] ; clk_div:clk_div_inst|tick_cnt[18] ; clk_in                       ; clk_in      ; 0.000        ; 0.041      ; 0.426      ;
; 0.301 ; clk_div:clk_div_inst|tick_cnt[16] ; clk_div:clk_div_inst|tick_cnt[16] ; clk_in                       ; clk_in      ; 0.000        ; 0.041      ; 0.426      ;
; 0.301 ; clk_div:clk_div_inst|tick_cnt[2]  ; clk_div:clk_div_inst|tick_cnt[2]  ; clk_in                       ; clk_in      ; 0.000        ; 0.041      ; 0.426      ;
; 0.302 ; clk_div:clk_div_inst|tick_cnt[24] ; clk_div:clk_div_inst|tick_cnt[24] ; clk_in                       ; clk_in      ; 0.000        ; 0.041      ; 0.427      ;
; 0.302 ; clk_div:clk_div_inst|tick_cnt[30] ; clk_div:clk_div_inst|tick_cnt[30] ; clk_in                       ; clk_in      ; 0.000        ; 0.041      ; 0.427      ;
; 0.302 ; clk_div:clk_div_inst|tick_cnt[26] ; clk_div:clk_div_inst|tick_cnt[26] ; clk_in                       ; clk_in      ; 0.000        ; 0.041      ; 0.427      ;
; 0.302 ; clk_div:clk_div_inst|tick_cnt[10] ; clk_div:clk_div_inst|tick_cnt[10] ; clk_in                       ; clk_in      ; 0.000        ; 0.041      ; 0.427      ;
; 0.302 ; clk_div:clk_div_inst|tick_cnt[4]  ; clk_div:clk_div_inst|tick_cnt[4]  ; clk_in                       ; clk_in      ; 0.000        ; 0.041      ; 0.427      ;
; 0.303 ; clk_div:clk_div_inst|tick_cnt[28] ; clk_div:clk_div_inst|tick_cnt[28] ; clk_in                       ; clk_in      ; 0.000        ; 0.041      ; 0.428      ;
; 0.311 ; clk_div:clk_div_inst|tick_cnt[0]  ; clk_div:clk_div_inst|tick_cnt[0]  ; clk_in                       ; clk_in      ; 0.000        ; 0.041      ; 0.436      ;
; 0.448 ; clk_div:clk_div_inst|tick_cnt[5]  ; clk_div:clk_div_inst|tick_cnt[6]  ; clk_in                       ; clk_in      ; 0.000        ; 0.041      ; 0.573      ;
; 0.448 ; clk_div:clk_div_inst|tick_cnt[1]  ; clk_div:clk_div_inst|tick_cnt[2]  ; clk_in                       ; clk_in      ; 0.000        ; 0.041      ; 0.573      ;
; 0.448 ; clk_div:clk_div_inst|tick_cnt[3]  ; clk_div:clk_div_inst|tick_cnt[4]  ; clk_in                       ; clk_in      ; 0.000        ; 0.041      ; 0.573      ;
; 0.449 ; clk_div:clk_div_inst|tick_cnt[17] ; clk_div:clk_div_inst|tick_cnt[18] ; clk_in                       ; clk_in      ; 0.000        ; 0.041      ; 0.574      ;
; 0.449 ; clk_div:clk_div_inst|tick_cnt[29] ; clk_div:clk_div_inst|tick_cnt[30] ; clk_in                       ; clk_in      ; 0.000        ; 0.041      ; 0.574      ;
; 0.450 ; clk_div:clk_div_inst|tick_cnt[25] ; clk_div:clk_div_inst|tick_cnt[26] ; clk_in                       ; clk_in      ; 0.000        ; 0.041      ; 0.575      ;
; 0.450 ; clk_div:clk_div_inst|tick_cnt[9]  ; clk_div:clk_div_inst|tick_cnt[10] ; clk_in                       ; clk_in      ; 0.000        ; 0.041      ; 0.575      ;
; 0.458 ; clk_div:clk_div_inst|tick_cnt[0]  ; clk_div:clk_div_inst|tick_cnt[1]  ; clk_in                       ; clk_in      ; 0.000        ; 0.041      ; 0.583      ;
; 0.459 ; clk_div:clk_div_inst|tick_cnt[2]  ; clk_div:clk_div_inst|tick_cnt[3]  ; clk_in                       ; clk_in      ; 0.000        ; 0.041      ; 0.584      ;
; 0.459 ; clk_div:clk_div_inst|tick_cnt[18] ; clk_div:clk_div_inst|tick_cnt[19] ; clk_in                       ; clk_in      ; 0.000        ; 0.041      ; 0.584      ;
; 0.459 ; clk_div:clk_div_inst|tick_cnt[16] ; clk_div:clk_div_inst|tick_cnt[17] ; clk_in                       ; clk_in      ; 0.000        ; 0.041      ; 0.584      ;
; 0.459 ; clk_div:clk_div_inst|tick_cnt[8]  ; clk_div:clk_div_inst|tick_cnt[9]  ; clk_in                       ; clk_in      ; 0.000        ; 0.041      ; 0.584      ;
; 0.460 ; clk_div:clk_div_inst|tick_cnt[30] ; clk_div:clk_div_inst|tick_cnt[31] ; clk_in                       ; clk_in      ; 0.000        ; 0.041      ; 0.585      ;
; 0.460 ; clk_div:clk_div_inst|tick_cnt[4]  ; clk_div:clk_div_inst|tick_cnt[5]  ; clk_in                       ; clk_in      ; 0.000        ; 0.041      ; 0.585      ;
; 0.460 ; clk_div:clk_div_inst|tick_cnt[10] ; clk_div:clk_div_inst|tick_cnt[11] ; clk_in                       ; clk_in      ; 0.000        ; 0.041      ; 0.585      ;
; 0.460 ; clk_div:clk_div_inst|tick_cnt[24] ; clk_div:clk_div_inst|tick_cnt[25] ; clk_in                       ; clk_in      ; 0.000        ; 0.041      ; 0.585      ;
; 0.461 ; clk_div:clk_div_inst|tick_cnt[28] ; clk_div:clk_div_inst|tick_cnt[29] ; clk_in                       ; clk_in      ; 0.000        ; 0.041      ; 0.586      ;
; 0.461 ; clk_div:clk_div_inst|tick_cnt[0]  ; clk_div:clk_div_inst|tick_cnt[2]  ; clk_in                       ; clk_in      ; 0.000        ; 0.041      ; 0.586      ;
; 0.462 ; clk_div:clk_div_inst|tick_cnt[2]  ; clk_div:clk_div_inst|tick_cnt[4]  ; clk_in                       ; clk_in      ; 0.000        ; 0.041      ; 0.587      ;
; 0.462 ; clk_div:clk_div_inst|tick_cnt[16] ; clk_div:clk_div_inst|tick_cnt[18] ; clk_in                       ; clk_in      ; 0.000        ; 0.041      ; 0.587      ;
; 0.462 ; clk_div:clk_div_inst|tick_cnt[8]  ; clk_div:clk_div_inst|tick_cnt[10] ; clk_in                       ; clk_in      ; 0.000        ; 0.041      ; 0.587      ;
; 0.463 ; clk_div:clk_div_inst|tick_cnt[26] ; clk_div:clk_div_inst|tick_cnt[28] ; clk_in                       ; clk_in      ; 0.000        ; 0.041      ; 0.588      ;
; 0.463 ; clk_div:clk_div_inst|tick_cnt[4]  ; clk_div:clk_div_inst|tick_cnt[6]  ; clk_in                       ; clk_in      ; 0.000        ; 0.041      ; 0.588      ;
; 0.463 ; clk_div:clk_div_inst|tick_cnt[24] ; clk_div:clk_div_inst|tick_cnt[26] ; clk_in                       ; clk_in      ; 0.000        ; 0.041      ; 0.588      ;
; 0.464 ; clk_div:clk_div_inst|tick_cnt[28] ; clk_div:clk_div_inst|tick_cnt[30] ; clk_in                       ; clk_in      ; 0.000        ; 0.041      ; 0.589      ;
; 0.511 ; clk_div:clk_div_inst|tick_cnt[1]  ; clk_div:clk_div_inst|tick_cnt[3]  ; clk_in                       ; clk_in      ; 0.000        ; 0.041      ; 0.636      ;
; 0.511 ; clk_div:clk_div_inst|tick_cnt[3]  ; clk_div:clk_div_inst|tick_cnt[5]  ; clk_in                       ; clk_in      ; 0.000        ; 0.041      ; 0.636      ;
; 0.512 ; clk_div:clk_div_inst|tick_cnt[11] ; clk_div:clk_div_inst|tick_cnt[13] ; clk_in                       ; clk_in      ; 0.000        ; 0.041      ; 0.637      ;
; 0.512 ; clk_div:clk_div_inst|tick_cnt[17] ; clk_div:clk_div_inst|tick_cnt[19] ; clk_in                       ; clk_in      ; 0.000        ; 0.041      ; 0.637      ;
; 0.512 ; clk_div:clk_div_inst|tick_cnt[29] ; clk_div:clk_div_inst|tick_cnt[31] ; clk_in                       ; clk_in      ; 0.000        ; 0.041      ; 0.637      ;
; 0.513 ; clk_div:clk_div_inst|tick_cnt[7]  ; clk_div:clk_div_inst|tick_cnt[9]  ; clk_in                       ; clk_in      ; 0.000        ; 0.041      ; 0.638      ;
; 0.513 ; clk_div:clk_div_inst|tick_cnt[9]  ; clk_div:clk_div_inst|tick_cnt[11] ; clk_in                       ; clk_in      ; 0.000        ; 0.041      ; 0.638      ;
; 0.514 ; clk_div:clk_div_inst|tick_cnt[13] ; clk_div:clk_div_inst|tick_cnt[16] ; clk_in                       ; clk_in      ; 0.000        ; 0.041      ; 0.639      ;
; 0.514 ; clk_div:clk_div_inst|tick_cnt[1]  ; clk_div:clk_div_inst|tick_cnt[4]  ; clk_in                       ; clk_in      ; 0.000        ; 0.041      ; 0.639      ;
; 0.514 ; clk_div:clk_div_inst|tick_cnt[3]  ; clk_div:clk_div_inst|tick_cnt[6]  ; clk_in                       ; clk_in      ; 0.000        ; 0.041      ; 0.639      ;
; 0.516 ; clk_div:clk_div_inst|tick_cnt[7]  ; clk_div:clk_div_inst|tick_cnt[10] ; clk_in                       ; clk_in      ; 0.000        ; 0.041      ; 0.641      ;
; 0.516 ; clk_div:clk_div_inst|tick_cnt[25] ; clk_div:clk_div_inst|tick_cnt[28] ; clk_in                       ; clk_in      ; 0.000        ; 0.041      ; 0.641      ;
; 0.524 ; clk_div:clk_div_inst|tick_cnt[0]  ; clk_div:clk_div_inst|tick_cnt[3]  ; clk_in                       ; clk_in      ; 0.000        ; 0.041      ; 0.649      ;
; 0.524 ; clk_div:clk_div_inst|tick_cnt[6]  ; clk_div:clk_div_inst|tick_cnt[9]  ; clk_in                       ; clk_in      ; 0.000        ; 0.041      ; 0.649      ;
; 0.525 ; clk_div:clk_div_inst|tick_cnt[2]  ; clk_div:clk_div_inst|tick_cnt[5]  ; clk_in                       ; clk_in      ; 0.000        ; 0.041      ; 0.650      ;
; 0.525 ; clk_div:clk_div_inst|tick_cnt[16] ; clk_div:clk_div_inst|tick_cnt[19] ; clk_in                       ; clk_in      ; 0.000        ; 0.041      ; 0.650      ;
; 0.525 ; clk_div:clk_div_inst|tick_cnt[8]  ; clk_div:clk_div_inst|tick_cnt[11] ; clk_in                       ; clk_in      ; 0.000        ; 0.041      ; 0.650      ;
; 0.526 ; clk_div:clk_div_inst|tick_cnt[26] ; clk_div:clk_div_inst|tick_cnt[29] ; clk_in                       ; clk_in      ; 0.000        ; 0.041      ; 0.651      ;
; 0.526 ; clk_div:clk_div_inst|tick_cnt[10] ; clk_div:clk_div_inst|tick_cnt[13] ; clk_in                       ; clk_in      ; 0.000        ; 0.041      ; 0.651      ;
; 0.527 ; clk_div:clk_div_inst|tick_cnt[28] ; clk_div:clk_div_inst|tick_cnt[31] ; clk_in                       ; clk_in      ; 0.000        ; 0.041      ; 0.652      ;
; 0.527 ; clk_div:clk_div_inst|tick_cnt[0]  ; clk_div:clk_div_inst|tick_cnt[4]  ; clk_in                       ; clk_in      ; 0.000        ; 0.041      ; 0.652      ;
; 0.527 ; clk_div:clk_div_inst|tick_cnt[6]  ; clk_div:clk_div_inst|tick_cnt[10] ; clk_in                       ; clk_in      ; 0.000        ; 0.041      ; 0.652      ;
; 0.528 ; clk_div:clk_div_inst|tick_cnt[2]  ; clk_div:clk_div_inst|tick_cnt[6]  ; clk_in                       ; clk_in      ; 0.000        ; 0.041      ; 0.653      ;
; 0.529 ; clk_div:clk_div_inst|tick_cnt[26] ; clk_div:clk_div_inst|tick_cnt[30] ; clk_in                       ; clk_in      ; 0.000        ; 0.041      ; 0.654      ;
; 0.529 ; clk_div:clk_div_inst|tick_cnt[24] ; clk_div:clk_div_inst|tick_cnt[28] ; clk_in                       ; clk_in      ; 0.000        ; 0.041      ; 0.654      ;
; 0.537 ; clk_div:clk_div_inst|tick_cnt[23] ; clk_div:clk_div_inst|tick_cnt[24] ; clk_in                       ; clk_in      ; 0.000        ; 0.039      ; 0.660      ;
; 0.549 ; clk_div:clk_div_inst|tick_cnt[22] ; clk_div:clk_div_inst|tick_cnt[24] ; clk_in                       ; clk_in      ; 0.000        ; 0.039      ; 0.672      ;
; 0.573 ; clk_div:clk_div_inst|clk_led      ; clk_div:clk_div_inst|clk_led      ; clk_div:clk_div_inst|clk_led ; clk_in      ; 0.000        ; 1.629      ; 2.421      ;
; 0.577 ; clk_div:clk_div_inst|tick_cnt[13] ; clk_div:clk_div_inst|tick_cnt[17] ; clk_in                       ; clk_in      ; 0.000        ; 0.041      ; 0.702      ;
; 0.577 ; clk_div:clk_div_inst|tick_cnt[5]  ; clk_div:clk_div_inst|tick_cnt[9]  ; clk_in                       ; clk_in      ; 0.000        ; 0.041      ; 0.702      ;
; 0.577 ; clk_div:clk_div_inst|tick_cnt[1]  ; clk_div:clk_div_inst|tick_cnt[5]  ; clk_in                       ; clk_in      ; 0.000        ; 0.041      ; 0.702      ;
; 0.579 ; clk_div:clk_div_inst|tick_cnt[7]  ; clk_div:clk_div_inst|tick_cnt[11] ; clk_in                       ; clk_in      ; 0.000        ; 0.041      ; 0.704      ;
; 0.579 ; clk_div:clk_div_inst|tick_cnt[25] ; clk_div:clk_div_inst|tick_cnt[29] ; clk_in                       ; clk_in      ; 0.000        ; 0.041      ; 0.704      ;
; 0.579 ; clk_div:clk_div_inst|tick_cnt[9]  ; clk_div:clk_div_inst|tick_cnt[13] ; clk_in                       ; clk_in      ; 0.000        ; 0.041      ; 0.704      ;
; 0.580 ; clk_div:clk_div_inst|tick_cnt[13] ; clk_div:clk_div_inst|tick_cnt[18] ; clk_in                       ; clk_in      ; 0.000        ; 0.041      ; 0.705      ;
; 0.580 ; clk_div:clk_div_inst|tick_cnt[5]  ; clk_div:clk_div_inst|tick_cnt[10] ; clk_in                       ; clk_in      ; 0.000        ; 0.041      ; 0.705      ;
; 0.580 ; clk_div:clk_div_inst|tick_cnt[1]  ; clk_div:clk_div_inst|tick_cnt[6]  ; clk_in                       ; clk_in      ; 0.000        ; 0.041      ; 0.705      ;
; 0.581 ; clk_div:clk_div_inst|tick_cnt[11] ; clk_div:clk_div_inst|tick_cnt[16] ; clk_in                       ; clk_in      ; 0.000        ; 0.041      ; 0.706      ;
; 0.581 ; clk_div:clk_div_inst|tick_cnt[19] ; clk_div:clk_div_inst|tick_cnt[24] ; clk_in                       ; clk_in      ; 0.000        ; 0.041      ; 0.706      ;
; 0.582 ; clk_div:clk_div_inst|tick_cnt[25] ; clk_div:clk_div_inst|tick_cnt[30] ; clk_in                       ; clk_in      ; 0.000        ; 0.041      ; 0.707      ;
; 0.586 ; clk_div:clk_div_inst|tick_cnt[20] ; clk_div:clk_div_inst|tick_cnt[20] ; clk_in                       ; clk_in      ; 0.000        ; 0.041      ; 0.711      ;
; 0.590 ; clk_div:clk_div_inst|tick_cnt[0]  ; clk_div:clk_div_inst|tick_cnt[5]  ; clk_in                       ; clk_in      ; 0.000        ; 0.041      ; 0.715      ;
; 0.590 ; clk_div:clk_div_inst|tick_cnt[6]  ; clk_div:clk_div_inst|tick_cnt[11] ; clk_in                       ; clk_in      ; 0.000        ; 0.041      ; 0.715      ;
; 0.591 ; clk_div:clk_div_inst|tick_cnt[8]  ; clk_div:clk_div_inst|tick_cnt[13] ; clk_in                       ; clk_in      ; 0.000        ; 0.041      ; 0.716      ;
; 0.592 ; clk_div:clk_div_inst|tick_cnt[26] ; clk_div:clk_div_inst|tick_cnt[31] ; clk_in                       ; clk_in      ; 0.000        ; 0.041      ; 0.717      ;
; 0.592 ; clk_div:clk_div_inst|tick_cnt[4]  ; clk_div:clk_div_inst|tick_cnt[9]  ; clk_in                       ; clk_in      ; 0.000        ; 0.041      ; 0.717      ;
; 0.592 ; clk_div:clk_div_inst|tick_cnt[24] ; clk_div:clk_div_inst|tick_cnt[29] ; clk_in                       ; clk_in      ; 0.000        ; 0.041      ; 0.717      ;
; 0.593 ; clk_div:clk_div_inst|tick_cnt[0]  ; clk_div:clk_div_inst|tick_cnt[6]  ; clk_in                       ; clk_in      ; 0.000        ; 0.041      ; 0.718      ;
; 0.594 ; clk_div:clk_div_inst|tick_cnt[18] ; clk_div:clk_div_inst|tick_cnt[24] ; clk_in                       ; clk_in      ; 0.000        ; 0.041      ; 0.719      ;
; 0.595 ; clk_div:clk_div_inst|tick_cnt[4]  ; clk_div:clk_div_inst|tick_cnt[10] ; clk_in                       ; clk_in      ; 0.000        ; 0.041      ; 0.720      ;
; 0.595 ; clk_div:clk_div_inst|tick_cnt[10] ; clk_div:clk_div_inst|tick_cnt[16] ; clk_in                       ; clk_in      ; 0.000        ; 0.041      ; 0.720      ;
; 0.595 ; clk_div:clk_div_inst|tick_cnt[24] ; clk_div:clk_div_inst|tick_cnt[30] ; clk_in                       ; clk_in      ; 0.000        ; 0.041      ; 0.720      ;
; 0.599 ; clk_div:clk_div_inst|tick_cnt[20] ; clk_div:clk_div_inst|tick_cnt[24] ; clk_in                       ; clk_in      ; 0.000        ; 0.039      ; 0.722      ;
+-------+-----------------------------------+-----------------------------------+------------------------------+-------------+--------------+------------+------------+


----------------------------------------------
; Fast 1200mV 0C Model Metastability Summary ;
----------------------------------------------
No synchronizer chains to report.


+--------------------------------------------------------------------------------------------+
; Multicorner Timing Analysis Summary                                                        ;
+-------------------------------+---------+-------+----------+---------+---------------------+
; Clock                         ; Setup   ; Hold  ; Recovery ; Removal ; Minimum Pulse Width ;
+-------------------------------+---------+-------+----------+---------+---------------------+
; Worst-case Slack              ; -4.429  ; 0.188 ; N/A      ; N/A     ; -3.000              ;
;  clk_div:clk_div_inst|clk_led ; 0.085   ; 0.188 ; N/A      ; N/A     ; -1.285              ;
;  clk_in                       ; -4.429  ; 0.299 ; N/A      ; N/A     ; -3.000              ;
; Design-wide TNS               ; -67.727 ; 0.0   ; 0.0      ; 0.0     ; -50.545             ;
;  clk_div:clk_div_inst|clk_led ; 0.000   ; 0.000 ; N/A      ; N/A     ; -5.140              ;
;  clk_in                       ; -67.727 ; 0.000 ; N/A      ; N/A     ; -45.405             ;
+-------------------------------+---------+-------+----------+---------+---------------------+


+------------------------------------------------------------------------------------------------------------------------------------------------------------------------------------------------------------------------------------------------------------------------------------------------------------------------------------------------------------------------------------------------------------------+
; Board Trace Model Assignments                                                                                                                                                                                                                                                                                                                                                                                    ;
+---------------+--------------+-------------------+-------------------------+-------------------------+---------------+---------------------+----------------+------------------+--------+------------------+------------------------+------------------------+--------------+---------------+-----------------+-------+---------------------+--------------------+---------------+-----------------+-------------+
; Pin           ; I/O Standard ; Near Tline Length ; Near Tline L per Length ; Near Tline C per Length ; Near Series R ; Near Differential R ; Near Pull-up R ; Near Pull-down R ; Near C ; Far Tline Length ; Far Tline L per Length ; Far Tline C per Length ; Far Series R ; Far Pull-up R ; Far Pull-down R ; Far C ; Termination Voltage ; Far Differential R ; EBD File Name ; EBD Signal Name ; EBD Far-end ;
+---------------+--------------+-------------------+-------------------------+-------------------------+---------------+---------------------+----------------+------------------+--------+------------------+------------------------+------------------------+--------------+---------------+-----------------+-------+---------------------+--------------------+---------------+-----------------+-------------+
; out           ; 2.5 V        ; 0 in              ; 0 H/in                  ; 0 F/in                  ; short         ; -                   ; open           ; open             ; open   ; 0 in             ; 0 H/in                 ; 0 F/in                 ; short        ; open          ; open            ; open  ; 0 V                 ; -                  ; n/a           ; n/a             ; n/a         ;
; state[0]      ; 2.5 V        ; 0 in              ; 0 H/in                  ; 0 F/in                  ; short         ; -                   ; open           ; open             ; open   ; 0 in             ; 0 H/in                 ; 0 F/in                 ; short        ; open          ; open            ; open  ; 0 V                 ; -                  ; n/a           ; n/a             ; n/a         ;
; state[1]      ; 2.5 V        ; 0 in              ; 0 H/in                  ; 0 F/in                  ; short         ; -                   ; open           ; open             ; open   ; 0 in             ; 0 H/in                 ; 0 F/in                 ; short        ; open          ; open            ; open  ; 0 V                 ; -                  ; n/a           ; n/a             ; n/a         ;
; clk_led       ; 2.5 V        ; 0 in              ; 0 H/in                  ; 0 F/in                  ; short         ; -                   ; open           ; open             ; open   ; 0 in             ; 0 H/in                 ; 0 F/in                 ; short        ; open          ; open            ; open  ; 0 V                 ; -                  ; n/a           ; n/a             ; n/a         ;
; ~ALTERA_DCLK~ ; 2.5 V        ; 0 in              ; 0 H/in                  ; 0 F/in                  ; short         ; -                   ; open           ; open             ; open   ; 0 in             ; 0 H/in                 ; 0 F/in                 ; short        ; open          ; open            ; open  ; 0 V                 ; -                  ; n/a           ; n/a             ; n/a         ;
; ~ALTERA_nCEO~ ; 2.5 V        ; 0 in              ; 0 H/in                  ; 0 F/in                  ; short         ; -                   ; open           ; open             ; open   ; 0 in             ; 0 H/in                 ; 0 F/in                 ; short        ; open          ; open            ; open  ; 0 V                 ; -                  ; n/a           ; n/a             ; n/a         ;
+---------------+--------------+-------------------+-------------------------+-------------------------+---------------+---------------------+----------------+------------------+--------+------------------+------------------------+------------------------+--------------+---------------+-----------------+-------+---------------------+--------------------+---------------+-----------------+-------------+


+----------------------------------------------------------------------------+
; Input Transition Times                                                     ;
+-------------------------+--------------+-----------------+-----------------+
; Pin                     ; I/O Standard ; 10-90 Rise Time ; 90-10 Fall Time ;
+-------------------------+--------------+-----------------+-----------------+
; in                      ; 2.5 V        ; 2000 ps         ; 2000 ps         ;
; rst_n                   ; 2.5 V        ; 2000 ps         ; 2000 ps         ;
; clk_in                  ; 2.5 V        ; 2000 ps         ; 2000 ps         ;
; ~ALTERA_ASDO_DATA1~     ; 2.5 V        ; 2000 ps         ; 2000 ps         ;
; ~ALTERA_FLASH_nCE_nCSO~ ; 2.5 V        ; 2000 ps         ; 2000 ps         ;
; ~ALTERA_DATA0~          ; 2.5 V        ; 2000 ps         ; 2000 ps         ;
+-------------------------+--------------+-----------------+-----------------+


+--------------------------------------------------------------------------------------------------------------------------------------------------------------------------------------------------------------------------------------------------------------------------------------------------------------------------------------------------------------------------------------------------------------------------------------------------------------------------------------------------------------------------------------------------------------------------------------------------------------------------------------------------------------------------------------------+
; Signal Integrity Metrics (Slow 1200mv 0c Model)                                                                                                                                                                                                                                                                                                                                                                                                                                                                                                                                                                                                                                            ;
+---------------+--------------+---------------------+---------------------+------------------------------+------------------------------+---------------------+---------------------+--------------------------------------+--------------------------------------+-----------------------------+-----------------------------+----------------------------+----------------------------+-----------------------------+-----------------------------+--------------------+--------------------+-------------------------------------+-------------------------------------+----------------------------+----------------------------+---------------------------+---------------------------+
; Pin           ; I/O Standard ; Board Delay on Rise ; Board Delay on Fall ; Steady State Voh at FPGA Pin ; Steady State Vol at FPGA Pin ; Voh Max at FPGA Pin ; Vol Min at FPGA Pin ; Ringback Voltage on Rise at FPGA Pin ; Ringback Voltage on Fall at FPGA Pin ; 10-90 Rise Time at FPGA Pin ; 90-10 Fall Time at FPGA Pin ; Monotonic Rise at FPGA Pin ; Monotonic Fall at FPGA Pin ; Steady State Voh at Far-end ; Steady State Vol at Far-end ; Voh Max at Far-end ; Vol Min at Far-end ; Ringback Voltage on Rise at Far-end ; Ringback Voltage on Fall at Far-end ; 10-90 Rise Time at Far-end ; 90-10 Fall Time at Far-end ; Monotonic Rise at Far-end ; Monotonic Fall at Far-end ;
+---------------+--------------+---------------------+---------------------+------------------------------+------------------------------+---------------------+---------------------+--------------------------------------+--------------------------------------+-----------------------------+-----------------------------+----------------------------+----------------------------+-----------------------------+-----------------------------+--------------------+--------------------+-------------------------------------+-------------------------------------+----------------------------+----------------------------+---------------------------+---------------------------+
; out           ; 2.5 V        ; 0 s                 ; 0 s                 ; 2.32 V                       ; 4.49e-09 V                   ; 2.38 V              ; -0.00552 V          ; 0.096 V                              ; 0.019 V                              ; 4.18e-10 s                  ; 3.59e-10 s                  ; No                         ; Yes                        ; 2.32 V                      ; 4.49e-09 V                  ; 2.38 V             ; -0.00552 V         ; 0.096 V                             ; 0.019 V                             ; 4.18e-10 s                 ; 3.59e-10 s                 ; No                        ; Yes                       ;
; state[0]      ; 2.5 V        ; 0 s                 ; 0 s                 ; 2.32 V                       ; 4.49e-09 V                   ; 2.38 V              ; -0.00552 V          ; 0.096 V                              ; 0.019 V                              ; 4.18e-10 s                  ; 3.59e-10 s                  ; No                         ; Yes                        ; 2.32 V                      ; 4.49e-09 V                  ; 2.38 V             ; -0.00552 V         ; 0.096 V                             ; 0.019 V                             ; 4.18e-10 s                 ; 3.59e-10 s                 ; No                        ; Yes                       ;
; state[1]      ; 2.5 V        ; 0 s                 ; 0 s                 ; 2.32 V                       ; 4.49e-09 V                   ; 2.38 V              ; -0.00552 V          ; 0.096 V                              ; 0.019 V                              ; 4.18e-10 s                  ; 3.59e-10 s                  ; No                         ; Yes                        ; 2.32 V                      ; 4.49e-09 V                  ; 2.38 V             ; -0.00552 V         ; 0.096 V                             ; 0.019 V                             ; 4.18e-10 s                 ; 3.59e-10 s                 ; No                        ; Yes                       ;
; clk_led       ; 2.5 V        ; 0 s                 ; 0 s                 ; 2.32 V                       ; 4.49e-09 V                   ; 2.38 V              ; -0.00552 V          ; 0.096 V                              ; 0.019 V                              ; 4.18e-10 s                  ; 3.59e-10 s                  ; No                         ; Yes                        ; 2.32 V                      ; 4.49e-09 V                  ; 2.38 V             ; -0.00552 V         ; 0.096 V                             ; 0.019 V                             ; 4.18e-10 s                 ; 3.59e-10 s                 ; No                        ; Yes                       ;
; ~ALTERA_DCLK~ ; 2.5 V        ; 0 s                 ; 0 s                 ; 2.32 V                       ; 2.67e-09 V                   ; 2.38 V              ; -0.0485 V           ; 0.167 V                              ; 0.096 V                              ; 2.95e-10 s                  ; 2.73e-10 s                  ; Yes                        ; Yes                        ; 2.32 V                      ; 2.67e-09 V                  ; 2.38 V             ; -0.0485 V          ; 0.167 V                             ; 0.096 V                             ; 2.95e-10 s                 ; 2.73e-10 s                 ; Yes                       ; Yes                       ;
; ~ALTERA_nCEO~ ; 2.5 V        ; 0 s                 ; 0 s                 ; 2.32 V                       ; 4.18e-09 V                   ; 2.38 V              ; -0.00483 V          ; 0.152 V                              ; 0.012 V                              ; 4.81e-10 s                  ; 6.29e-10 s                  ; Yes                        ; Yes                        ; 2.32 V                      ; 4.18e-09 V                  ; 2.38 V             ; -0.00483 V         ; 0.152 V                             ; 0.012 V                             ; 4.81e-10 s                 ; 6.29e-10 s                 ; Yes                       ; Yes                       ;
+---------------+--------------+---------------------+---------------------+------------------------------+------------------------------+---------------------+---------------------+--------------------------------------+--------------------------------------+-----------------------------+-----------------------------+----------------------------+----------------------------+-----------------------------+-----------------------------+--------------------+--------------------+-------------------------------------+-------------------------------------+----------------------------+----------------------------+---------------------------+---------------------------+


+--------------------------------------------------------------------------------------------------------------------------------------------------------------------------------------------------------------------------------------------------------------------------------------------------------------------------------------------------------------------------------------------------------------------------------------------------------------------------------------------------------------------------------------------------------------------------------------------------------------------------------------------------------------------------------------------+
; Signal Integrity Metrics (Slow 1200mv 85c Model)                                                                                                                                                                                                                                                                                                                                                                                                                                                                                                                                                                                                                                           ;
+---------------+--------------+---------------------+---------------------+------------------------------+------------------------------+---------------------+---------------------+--------------------------------------+--------------------------------------+-----------------------------+-----------------------------+----------------------------+----------------------------+-----------------------------+-----------------------------+--------------------+--------------------+-------------------------------------+-------------------------------------+----------------------------+----------------------------+---------------------------+---------------------------+
; Pin           ; I/O Standard ; Board Delay on Rise ; Board Delay on Fall ; Steady State Voh at FPGA Pin ; Steady State Vol at FPGA Pin ; Voh Max at FPGA Pin ; Vol Min at FPGA Pin ; Ringback Voltage on Rise at FPGA Pin ; Ringback Voltage on Fall at FPGA Pin ; 10-90 Rise Time at FPGA Pin ; 90-10 Fall Time at FPGA Pin ; Monotonic Rise at FPGA Pin ; Monotonic Fall at FPGA Pin ; Steady State Voh at Far-end ; Steady State Vol at Far-end ; Voh Max at Far-end ; Vol Min at Far-end ; Ringback Voltage on Rise at Far-end ; Ringback Voltage on Fall at Far-end ; 10-90 Rise Time at Far-end ; 90-10 Fall Time at Far-end ; Monotonic Rise at Far-end ; Monotonic Fall at Far-end ;
+---------------+--------------+---------------------+---------------------+------------------------------+------------------------------+---------------------+---------------------+--------------------------------------+--------------------------------------+-----------------------------+-----------------------------+----------------------------+----------------------------+-----------------------------+-----------------------------+--------------------+--------------------+-------------------------------------+-------------------------------------+----------------------------+----------------------------+---------------------------+---------------------------+
; out           ; 2.5 V        ; 0 s                 ; 0 s                 ; 2.32 V                       ; 6.92e-07 V                   ; 2.35 V              ; -0.00996 V          ; 0.121 V                              ; 0.03 V                               ; 4.64e-10 s                  ; 4.47e-10 s                  ; Yes                        ; Yes                        ; 2.32 V                      ; 6.92e-07 V                  ; 2.35 V             ; -0.00996 V         ; 0.121 V                             ; 0.03 V                              ; 4.64e-10 s                 ; 4.47e-10 s                 ; Yes                       ; Yes                       ;
; state[0]      ; 2.5 V        ; 0 s                 ; 0 s                 ; 2.32 V                       ; 6.92e-07 V                   ; 2.35 V              ; -0.00996 V          ; 0.121 V                              ; 0.03 V                               ; 4.64e-10 s                  ; 4.47e-10 s                  ; Yes                        ; Yes                        ; 2.32 V                      ; 6.92e-07 V                  ; 2.35 V             ; -0.00996 V         ; 0.121 V                             ; 0.03 V                              ; 4.64e-10 s                 ; 4.47e-10 s                 ; Yes                       ; Yes                       ;
; state[1]      ; 2.5 V        ; 0 s                 ; 0 s                 ; 2.32 V                       ; 6.92e-07 V                   ; 2.35 V              ; -0.00996 V          ; 0.121 V                              ; 0.03 V                               ; 4.64e-10 s                  ; 4.47e-10 s                  ; Yes                        ; Yes                        ; 2.32 V                      ; 6.92e-07 V                  ; 2.35 V             ; -0.00996 V         ; 0.121 V                             ; 0.03 V                              ; 4.64e-10 s                 ; 4.47e-10 s                 ; Yes                       ; Yes                       ;
; clk_led       ; 2.5 V        ; 0 s                 ; 0 s                 ; 2.32 V                       ; 6.92e-07 V                   ; 2.35 V              ; -0.00996 V          ; 0.121 V                              ; 0.03 V                               ; 4.64e-10 s                  ; 4.47e-10 s                  ; Yes                        ; Yes                        ; 2.32 V                      ; 6.92e-07 V                  ; 2.35 V             ; -0.00996 V         ; 0.121 V                             ; 0.03 V                              ; 4.64e-10 s                 ; 4.47e-10 s                 ; Yes                       ; Yes                       ;
; ~ALTERA_DCLK~ ; 2.5 V        ; 0 s                 ; 0 s                 ; 2.32 V                       ; 3.75e-07 V                   ; 2.35 V              ; -0.0109 V           ; 0.084 V                              ; 0.027 V                              ; 4.31e-10 s                  ; 3.61e-10 s                  ; Yes                        ; Yes                        ; 2.32 V                      ; 3.75e-07 V                  ; 2.35 V             ; -0.0109 V          ; 0.084 V                             ; 0.027 V                             ; 4.31e-10 s                 ; 3.61e-10 s                 ; Yes                       ; Yes                       ;
; ~ALTERA_nCEO~ ; 2.5 V        ; 0 s                 ; 0 s                 ; 2.32 V                       ; 6.15e-07 V                   ; 2.35 V              ; -0.00712 V          ; 0.093 V                              ; 0.02 V                               ; 6.21e-10 s                  ; 7.9e-10 s                   ; Yes                        ; Yes                        ; 2.32 V                      ; 6.15e-07 V                  ; 2.35 V             ; -0.00712 V         ; 0.093 V                             ; 0.02 V                              ; 6.21e-10 s                 ; 7.9e-10 s                  ; Yes                       ; Yes                       ;
+---------------+--------------+---------------------+---------------------+------------------------------+------------------------------+---------------------+---------------------+--------------------------------------+--------------------------------------+-----------------------------+-----------------------------+----------------------------+----------------------------+-----------------------------+-----------------------------+--------------------+--------------------+-------------------------------------+-------------------------------------+----------------------------+----------------------------+---------------------------+---------------------------+


+--------------------------------------------------------------------------------------------------------------------------------------------------------------------------------------------------------------------------------------------------------------------------------------------------------------------------------------------------------------------------------------------------------------------------------------------------------------------------------------------------------------------------------------------------------------------------------------------------------------------------------------------------------------------------------------------+
; Signal Integrity Metrics (Fast 1200mv 0c Model)                                                                                                                                                                                                                                                                                                                                                                                                                                                                                                                                                                                                                                            ;
+---------------+--------------+---------------------+---------------------+------------------------------+------------------------------+---------------------+---------------------+--------------------------------------+--------------------------------------+-----------------------------+-----------------------------+----------------------------+----------------------------+-----------------------------+-----------------------------+--------------------+--------------------+-------------------------------------+-------------------------------------+----------------------------+----------------------------+---------------------------+---------------------------+
; Pin           ; I/O Standard ; Board Delay on Rise ; Board Delay on Fall ; Steady State Voh at FPGA Pin ; Steady State Vol at FPGA Pin ; Voh Max at FPGA Pin ; Vol Min at FPGA Pin ; Ringback Voltage on Rise at FPGA Pin ; Ringback Voltage on Fall at FPGA Pin ; 10-90 Rise Time at FPGA Pin ; 90-10 Fall Time at FPGA Pin ; Monotonic Rise at FPGA Pin ; Monotonic Fall at FPGA Pin ; Steady State Voh at Far-end ; Steady State Vol at Far-end ; Voh Max at Far-end ; Vol Min at Far-end ; Ringback Voltage on Rise at Far-end ; Ringback Voltage on Fall at Far-end ; 10-90 Rise Time at Far-end ; 90-10 Fall Time at Far-end ; Monotonic Rise at Far-end ; Monotonic Fall at Far-end ;
+---------------+--------------+---------------------+---------------------+------------------------------+------------------------------+---------------------+---------------------+--------------------------------------+--------------------------------------+-----------------------------+-----------------------------+----------------------------+----------------------------+-----------------------------+-----------------------------+--------------------+--------------------+-------------------------------------+-------------------------------------+----------------------------+----------------------------+---------------------------+---------------------------+
; out           ; 2.5 V        ; 0 s                 ; 0 s                 ; 2.62 V                       ; 4.05e-08 V                   ; 2.72 V              ; -0.0349 V           ; 0.173 V                              ; 0.1 V                                ; 2.72e-10 s                  ; 2.69e-10 s                  ; Yes                        ; Yes                        ; 2.62 V                      ; 4.05e-08 V                  ; 2.72 V             ; -0.0349 V          ; 0.173 V                             ; 0.1 V                               ; 2.72e-10 s                 ; 2.69e-10 s                 ; Yes                       ; Yes                       ;
; state[0]      ; 2.5 V        ; 0 s                 ; 0 s                 ; 2.62 V                       ; 4.05e-08 V                   ; 2.72 V              ; -0.0349 V           ; 0.173 V                              ; 0.1 V                                ; 2.72e-10 s                  ; 2.69e-10 s                  ; Yes                        ; Yes                        ; 2.62 V                      ; 4.05e-08 V                  ; 2.72 V             ; -0.0349 V          ; 0.173 V                             ; 0.1 V                               ; 2.72e-10 s                 ; 2.69e-10 s                 ; Yes                       ; Yes                       ;
; state[1]      ; 2.5 V        ; 0 s                 ; 0 s                 ; 2.62 V                       ; 4.05e-08 V                   ; 2.72 V              ; -0.0349 V           ; 0.173 V                              ; 0.1 V                                ; 2.72e-10 s                  ; 2.69e-10 s                  ; Yes                        ; Yes                        ; 2.62 V                      ; 4.05e-08 V                  ; 2.72 V             ; -0.0349 V          ; 0.173 V                             ; 0.1 V                               ; 2.72e-10 s                 ; 2.69e-10 s                 ; Yes                       ; Yes                       ;
; clk_led       ; 2.5 V        ; 0 s                 ; 0 s                 ; 2.62 V                       ; 4.05e-08 V                   ; 2.72 V              ; -0.0349 V           ; 0.173 V                              ; 0.1 V                                ; 2.72e-10 s                  ; 2.69e-10 s                  ; Yes                        ; Yes                        ; 2.62 V                      ; 4.05e-08 V                  ; 2.72 V             ; -0.0349 V          ; 0.173 V                             ; 0.1 V                               ; 2.72e-10 s                 ; 2.69e-10 s                 ; Yes                       ; Yes                       ;
; ~ALTERA_DCLK~ ; 2.5 V        ; 0 s                 ; 0 s                 ; 2.62 V                       ; 2.22e-08 V                   ; 2.74 V              ; -0.06 V             ; 0.158 V                              ; 0.08 V                               ; 2.68e-10 s                  ; 2.19e-10 s                  ; Yes                        ; Yes                        ; 2.62 V                      ; 2.22e-08 V                  ; 2.74 V             ; -0.06 V            ; 0.158 V                             ; 0.08 V                              ; 2.68e-10 s                 ; 2.19e-10 s                 ; Yes                       ; Yes                       ;
; ~ALTERA_nCEO~ ; 2.5 V        ; 0 s                 ; 0 s                 ; 2.62 V                       ; 3.54e-08 V                   ; 2.7 V               ; -0.00943 V          ; 0.276 V                              ; 0.035 V                              ; 3.19e-10 s                  ; 4.99e-10 s                  ; No                         ; Yes                        ; 2.62 V                      ; 3.54e-08 V                  ; 2.7 V              ; -0.00943 V         ; 0.276 V                             ; 0.035 V                             ; 3.19e-10 s                 ; 4.99e-10 s                 ; No                        ; Yes                       ;
+---------------+--------------+---------------------+---------------------+------------------------------+------------------------------+---------------------+---------------------+--------------------------------------+--------------------------------------+-----------------------------+-----------------------------+----------------------------+----------------------------+-----------------------------+-----------------------------+--------------------+--------------------+-------------------------------------+-------------------------------------+----------------------------+----------------------------+---------------------------+---------------------------+


+---------------------------------------------------------------------------------------------------------+
; Setup Transfers                                                                                         ;
+------------------------------+------------------------------+----------+----------+----------+----------+
; From Clock                   ; To Clock                     ; RR Paths ; FR Paths ; RF Paths ; FF Paths ;
+------------------------------+------------------------------+----------+----------+----------+----------+
; clk_div:clk_div_inst|clk_led ; clk_div:clk_div_inst|clk_led ; 5        ; 0        ; 0        ; 0        ;
; clk_div:clk_div_inst|clk_led ; clk_in                       ; 1        ; 1        ; 0        ; 0        ;
; clk_in                       ; clk_in                       ; 880      ; 0        ; 0        ; 0        ;
+------------------------------+------------------------------+----------+----------+----------+----------+
Entries labeled "false path" only account for clock-to-clock false paths and not path-based false paths. As a result, actual path counts may be lower than reported.


+---------------------------------------------------------------------------------------------------------+
; Hold Transfers                                                                                          ;
+------------------------------+------------------------------+----------+----------+----------+----------+
; From Clock                   ; To Clock                     ; RR Paths ; FR Paths ; RF Paths ; FF Paths ;
+------------------------------+------------------------------+----------+----------+----------+----------+
; clk_div:clk_div_inst|clk_led ; clk_div:clk_div_inst|clk_led ; 5        ; 0        ; 0        ; 0        ;
; clk_div:clk_div_inst|clk_led ; clk_in                       ; 1        ; 1        ; 0        ; 0        ;
; clk_in                       ; clk_in                       ; 880      ; 0        ; 0        ; 0        ;
+------------------------------+------------------------------+----------+----------+----------+----------+
Entries labeled "false path" only account for clock-to-clock false paths and not path-based false paths. As a result, actual path counts may be lower than reported.


---------------
; Report TCCS ;
---------------
No dedicated SERDES Transmitter circuitry present in device or used in design


---------------
; Report RSKM ;
---------------
No non-DPA dedicated SERDES Receiver circuitry present in device or used in design


+------------------------------------------------+
; Unconstrained Paths Summary                    ;
+---------------------------------+-------+------+
; Property                        ; Setup ; Hold ;
+---------------------------------+-------+------+
; Illegal Clocks                  ; 0     ; 0    ;
; Unconstrained Clocks            ; 0     ; 0    ;
; Unconstrained Input Ports       ; 2     ; 2    ;
; Unconstrained Input Port Paths  ; 8     ; 8    ;
; Unconstrained Output Ports      ; 4     ; 4    ;
; Unconstrained Output Port Paths ; 6     ; 6    ;
+---------------------------------+-------+------+


+----------------------------------------------------------------------------------+
; Clock Status Summary                                                             ;
+------------------------------+------------------------------+------+-------------+
; Target                       ; Clock                        ; Type ; Status      ;
+------------------------------+------------------------------+------+-------------+
; clk_div:clk_div_inst|clk_led ; clk_div:clk_div_inst|clk_led ; Base ; Constrained ;
; clk_in                       ; clk_in                       ; Base ; Constrained ;
+------------------------------+------------------------------+------+-------------+


+---------------------------------------------------------------------------------------------------+
; Unconstrained Input Ports                                                                         ;
+------------+--------------------------------------------------------------------------------------+
; Input Port ; Comment                                                                              ;
+------------+--------------------------------------------------------------------------------------+
; in         ; No input delay, min/max delays, false-path exceptions, or max skew assignments found ;
; rst_n      ; No input delay, min/max delays, false-path exceptions, or max skew assignments found ;
+------------+--------------------------------------------------------------------------------------+


+-----------------------------------------------------------------------------------------------------+
; Unconstrained Output Ports                                                                          ;
+-------------+---------------------------------------------------------------------------------------+
; Output Port ; Comment                                                                               ;
+-------------+---------------------------------------------------------------------------------------+
; clk_led     ; No output delay, min/max delays, false-path exceptions, or max skew assignments found ;
; out         ; No output delay, min/max delays, false-path exceptions, or max skew assignments found ;
; state[0]    ; No output delay, min/max delays, false-path exceptions, or max skew assignments found ;
; state[1]    ; No output delay, min/max delays, false-path exceptions, or max skew assignments found ;
+-------------+---------------------------------------------------------------------------------------+


+---------------------------------------------------------------------------------------------------+
; Unconstrained Input Ports                                                                         ;
+------------+--------------------------------------------------------------------------------------+
; Input Port ; Comment                                                                              ;
+------------+--------------------------------------------------------------------------------------+
; in         ; No input delay, min/max delays, false-path exceptions, or max skew assignments found ;
; rst_n      ; No input delay, min/max delays, false-path exceptions, or max skew assignments found ;
+------------+--------------------------------------------------------------------------------------+


+-----------------------------------------------------------------------------------------------------+
; Unconstrained Output Ports                                                                          ;
+-------------+---------------------------------------------------------------------------------------+
; Output Port ; Comment                                                                               ;
+-------------+---------------------------------------------------------------------------------------+
; clk_led     ; No output delay, min/max delays, false-path exceptions, or max skew assignments found ;
; out         ; No output delay, min/max delays, false-path exceptions, or max skew assignments found ;
; state[0]    ; No output delay, min/max delays, false-path exceptions, or max skew assignments found ;
; state[1]    ; No output delay, min/max delays, false-path exceptions, or max skew assignments found ;
+-------------+---------------------------------------------------------------------------------------+


+--------------------------+
; Timing Analyzer Messages ;
+--------------------------+
Info: *******************************************************************
Info: Running Quartus Prime Timing Analyzer
    Info: Version 20.1.1 Build 720 11/11/2020 SJ Lite Edition
    Info: Processing started: Tue Apr 07 11:20:55 2026
Info: Command: quartus_sta sequence_101 -c sequence_101
Info: qsta_default_script.tcl version: #1
Warning (18236): Number of processors has not been specified which may cause overloading on shared machines.  Set the global assignment NUM_PARALLEL_PROCESSORS in your QSF to an appropriate value for best performance.
Info (20030): Parallel compilation is enabled and will use 8 of the 8 processors detected
Info (21077): Low junction temperature is 0 degrees C
Info (21077): High junction temperature is 85 degrees C
Critical Warning (332012): Synopsys Design Constraints File file not found: 'sequence_101.sdc'. A Synopsys Design Constraints File is required by the Timing Analyzer to get proper timing constraints. Without it, the Compiler will not properly optimize the design.
Info (332142): No user constrained base clocks found in the design. Calling "derive_clocks -period 1.0"
Info (332105): Deriving Clocks
    Info (332105): create_clock -period 1.000 -name clk_in clk_in
    Info (332105): create_clock -period 1.000 -name clk_div:clk_div_inst|clk_led clk_div:clk_div_inst|clk_led
Info (332143): No user constrained clock uncertainty found in the design. Calling "derive_clock_uncertainty"
Info (332123): Deriving Clock Uncertainty. Please refer to report_sdc in the Timing Analyzer to see clock uncertainties.
Info: Found TIMING_ANALYZER_REPORT_SCRIPT_INCLUDE_DEFAULT_ANALYSIS = ON
Info: Analyzing Slow 1200mV 85C Model
Critical Warning (332148): Timing requirements not met
    Info (11105): For recommendations on closing timing, run Report Timing Closure Recommendations in the Timing Analyzer.
Info (332146): Worst-case setup slack is -4.429
    Info (332119):     Slack       End Point TNS Clock 
    Info (332119): ========= =================== =====================
    Info (332119):    -4.429             -67.727 clk_in 
    Info (332119):     0.085               0.000 clk_div:clk_div_inst|clk_led 
Info (332146): Worst-case hold slack is 0.407
    Info (332119):     Slack       End Point TNS Clock 
    Info (332119): ========= =================== =====================
    Info (332119):     0.407               0.000 clk_div:clk_div_inst|clk_led 
    Info (332119):     0.655               0.000 clk_in 
Info (332140): No Recovery paths to report
Info (332140): No Removal paths to report
Info (332146): Worst-case minimum pulse width slack is -3.000
    Info (332119):     Slack       End Point TNS Clock 
    Info (332119): ========= =================== =====================
    Info (332119):    -3.000             -45.405 clk_in 
    Info (332119):    -1.285              -5.140 clk_div:clk_div_inst|clk_led 
Info: Analyzing Slow 1200mV 0C Model
Info (334003): Started post-fitting delay annotation
Info (334004): Delay annotation completed successfully
Info (332123): Deriving Clock Uncertainty. Please refer to report_sdc in the Timing Analyzer to see clock uncertainties.
Critical Warning (332148): Timing requirements not met
    Info (11105): For recommendations on closing timing, run Report Timing Closure Recommendations in the Timing Analyzer.
Info (332146): Worst-case setup slack is -3.953
    Info (332119):     Slack       End Point TNS Clock 
    Info (332119): ========= =================== =====================
    Info (332119):    -3.953             -57.400 clk_in 
    Info (332119):     0.171               0.000 clk_div:clk_div_inst|clk_led 
Info (332146): Worst-case hold slack is 0.364
    Info (332119):     Slack       End Point TNS Clock 
    Info (332119): ========= =================== =====================
    Info (332119):     0.364               0.000 clk_div:clk_div_inst|clk_led 
    Info (332119):     0.598               0.000 clk_in 
Info (332140): No Recovery paths to report
Info (332140): No Removal paths to report
Info (332146): Worst-case minimum pulse width slack is -3.000
    Info (332119):     Slack       End Point TNS Clock 
    Info (332119): ========= =================== =====================
    Info (332119):    -3.000             -45.405 clk_in 
    Info (332119):    -1.285              -5.140 clk_div:clk_div_inst|clk_led 
Info: Analyzing Fast 1200mV 0C Model
Info (332123): Deriving Clock Uncertainty. Please refer to report_sdc in the Timing Analyzer to see clock uncertainties.
Critical Warning (332148): Timing requirements not met
    Info (11105): For recommendations on closing timing, run Report Timing Closure Recommendations in the Timing Analyzer.
Info (332146): Worst-case setup slack is -1.802
    Info (332119):     Slack       End Point TNS Clock 
    Info (332119): ========= =================== =====================
    Info (332119):    -1.802             -17.698 clk_in 
    Info (332119):     0.555               0.000 clk_div:clk_div_inst|clk_led 
Info (332146): Worst-case hold slack is 0.188
    Info (332119):     Slack       End Point TNS Clock 
    Info (332119): ========= =================== =====================
    Info (332119):     0.188               0.000 clk_div:clk_div_inst|clk_led 
    Info (332119):     0.299               0.000 clk_in 
Info (332140): No Recovery paths to report
Info (332140): No Removal paths to report
Info (332146): Worst-case minimum pulse width slack is -3.000
    Info (332119):     Slack       End Point TNS Clock 
    Info (332119): ========= =================== =====================
    Info (332119):    -3.000             -37.980 clk_in 
    Info (332119):    -1.000              -4.000 clk_div:clk_div_inst|clk_led 
Info (332102): Design is not fully constrained for setup requirements
Info (332102): Design is not fully constrained for hold requirements
Info: Quartus Prime Timing Analyzer was successful. 0 errors, 5 warnings
    Info: Peak virtual memory: 4895 megabytes
    Info: Processing ended: Tue Apr 07 11:21:02 2026
    Info: Elapsed time: 00:00:07
    Info: Total CPU time (on all processors): 00:00:05


